wind_speed,ACSA A27/225,ACSA A29/225,Adani 5.2-160,AWT Inc. AWT-26 / WC-86,AWP A/S AWP 90/18,AWP A/S AWP 200/23,Aeolia Windtech D2CF 200,aerodyn SCD 8.0/168,AERODAN 75/15,Alstom ECO 122/2700,AN Bonus 150/30,AN Bonus 1000/54,AN Bonus 1300/62,Hummer H8.16-10KW,Hummer H13.2-20KW,Hummer H13.2-30KW,Hummer H17.0-50KW,Hummer H21.0-60KW,Hummer H21.0-100KW,Hummer H25.0-60KW,Hummer H25.0-100KW,Hummer H25.0-200KW,Aria Libellula 20,Aria Libellula 55+,Aria Libellula 60i,ATB Riva Calzoni ATB 60.28 DD,ATB Riva Calzoni ATB 500.54,Aventa AV-7,b.ventus 250 kW,Bergey BWC Excel 10,Bonus B23/150 Gittermast,Bonus B31/300,Bonus B35/450,Bonus B37/450,Bonus B41/600,Bonus B44/600,Bonus B54/1000,Bonus B62/1300,Bonus B76/2000,Bonus B82/2300,Cannon 26/250,Carter CWT 300,DWP D75/15,DWP D110/19,DWT Danish Wind Tech Windane 10,DWT Danish Wind Tech Windane 29,DWT Danish Wind Tech Windane 31,DWT Danish Wind Tech Windane 34 ,DWT Danish Wind Tech Windane 34 US,DWT Danish Wind Tech Windane 40,DANREGN Bonus 22,DANREGN Bonus 30,DANREGN Bonus 55,DANREGN Bonus 95,DANREGN Bonus 100,Danwin Danwin 23,DeWind D4 48/600,Dongfang G2000-116 / FD116-2000 geared,ecotècnia ECO 12/30,ecotècnia ECO 48/750,Enercon E-16,Enercon E-17,Enercon E-18,Enercon E-30 ,Enercon E-33 / 300,Enercon E-40/5.40,Enercon E-40/6.44,Enercon E-44,Enercon E-48,Enercon E-53,Enercon E-58/10.58,Enercon E-66/15.66,Enercon E-66/18.70,Enercon E-70 E4 2.300,Enercon E-82 E2 2.300,Enercon E-82 E2 2.000,Enercon E-82 E4 2.350,Enercon E-82 E4 3.000 ,Enercon E-92,Enercon E-101,Enercon E-101 E2 3.050,Enercon E-101 E2 3.500,Enercon E-112/45.114,Enercon E-115 2.500,Enercon E-115 3.000,Enercon E-115 EP3 3.000 prototype,Enercon E-126 EP4,Enercon E-126 7.580,Enercon E-141 EP4,eno energy eno 100,eno energy eno 114 3.5,eno energy eno 126 3.5,Enron 900s,Fuhrländer FL MD 77,Fuhrländer FL 2500/90,Fuhrländer FL 2500/100,Fuhrländer FL 2500/104,Fuhrländer LLC WTU2.0-93,Fuhrländer LLC WTU2.0-100,Fuhrländer LLC WTU3.0-120,FWT 93/2000,FWT 100/2000,FWT 100/2500,FWT 104/2500,FWT 120/3000,Gamesa G52,Gamesa G58,Gamesa G80,Gamesa G83,Gamesa G97,Gamesa G114-2.0MW,Gamesa G114-2.5MW,Gamesa G126-2.5MW,Gamesa G128-4.5MW,Gamesa G128-5.0MW,Gamesa G132-3.3MW,Gamesa G132-5.0MW,Garuda G 1700.84,GE General Electric GE 1.5s,GE General Electric GE 1.5sl,GE General Electric GE 1.6 - 100,GE General Electric GE 2.5 - 100,GE General Electric GE 2.5-103,GE General Electric GE 2.5 - 120,GE General Electric GE 2.75 - 103,GE General Electric GE 2.75 - 120,GE General Electric GE 3.2-130,GE General Electric GE 3.4-137,Greenstorm GS 21 S,WEG AGW 100,HEAG HW1-780,HEAG HW3/S2500(90),HEAG HW3/S2500(97),HEAG HW3/S2500(103),HEAG HW3/S2500(110),Iskra AT5-1,Jacobs Wind Electric 31-20,Krogmann 15-50,Kuriant KE 18/4EH,Lagerwey LW 52/750,Lagerwey LW 58/750,Lagerwey LW 72/2000,Leitwind LTW42 250,Leitwind LTW77 800,Leitwind LTW77 850,Leitwind LTW77 1000,Leitwind LTW77 1500,Leitwind LTW80 800,Leitwind LTW80 850,Leitwind LTW80 1000,Leitwind LTW80 1500,Leitwind LTW80 1650,Leitwind LTW80 1800,Leitwind LTW86 1000,Leitwind LTW86 1500,Leitwind LTW90 950,Leitwind LTW90 1000,Leitwind LTW90 1500,Leitwind LTW90 2000,Leitwind LTW101 2000,Leitwind LTW101 2500,Leitwind LTW101 3000,Leitwind LTW104 2000,Leitwind LTW104 2500,MAN Aeroman 11/11,Micon M 530,Mitsubishi MWT-250C,Multibrid M5000,NEG Micon NM 44/750,NEG Micon NM 48/750,NEG Micon NM 52/900,NEG Micon NM 54/950,NEG Micon NM 60/1000,NEG Micon NM 72C/1500,NEG Micon NM 72/1650,NEG Micon NM 82/1500,NEG Micon NM 82/1650,Nordex N27/150,Nordex N27/250,Nordex N29,Nordex N43,Nordex N50,Nordex N60,Nordex N62,Nordex N70,Nordex N77,Nordex N80 Alpha,Nordex N90 Beta,Nordex N90/2500,Nordex N100 Delta,Nordex N100 Gamma,Nordex N117 Delta,Nordex N117 Gamma,Nordex N117/3600 Delta,Nordex N131/3000 Delta,Nordex N131/3300 Delta,Nordex N131/3600 Delta,Nordtank NTK 150 ,Nordtank NTK 200,Nordtank NTK 400,NPS Northern Power NPS 60-24,NPS Northern Power NPS 100C-24,Norwin 24 STALL 150,Norwin 29 STALL 225,Norwin 47 ASR 500,PowerWind PW56,REpower 48/600,Ropatec 3kW,S&G Engineering SG2500.131 DD,S&G Engineering SG2700.100 DD,S&G Engineering SG2700.116 DD,SANY SE8220,SANY SE8720,SANY SE9315,SANY SE9320,SANY SE10015,SANY SE10020,SANY SE11520,SANY SE11525,SANY SE12120,SANY SE12125,SANY SE12130,SANY SE12520,SANY SE12525,SANY SE12725,SANY SE12730,SANY SE13122,SANY SE13125,SANY SE13625,SANY SE14525,Senvion 3.0M122,Senvion 3.2M114,Senvion 3.2M122,Senvion 3.4M114,Senvion 3.4M140,Senvion MM100,Siemens SWT-2.3-113,Siemens SWT-3.15-142,Siemens SWT-3.2-113,Siemens SWT-3.3-130,Siemens SWT-3.3-130 LN,Siemens SWT-3.6-120 Onshore,Siemens SWT-3.6-130,Siva 250/50,Südwind S-70,Südwind S-70 (special nacelle),Südwind S-77,Suzlon S.33-350,Suzlon S.60-1000,Suzlon S.62-1000,Suzlon S.64-950,Suzlon S.64-1000,Suzlon S.64-1250,Suzlon S.66-1250,Suzlon S.88-2100,Tacke TW 45,Tacke TW 80,Tacke TW 500,Tellus T-1780,Wind Turbine Company WTC 100,TUGE 10 kW,TURBOWINDS T400-34,TURBOWINDS T600-48,Unison U54,Vensys 77/1500,Vensys 82/1500,Vensys 100/2500,Vensys 109/2500,Vensys 112/2500,Vensys 120/3000,Venturicon 3.ZERO,Vergnet GEV HP 1000/62,Vergnet GEV MP C 200/30,Vergnet GEV MP C 200/32,Vergnet GEV MP R 275/32,Vergnet GEV MP C 275/30,Vestas V27,Vestas V29,Vestas V39,Vestas V42,Vestas V44,Vestas V47,Vestas V52,Vestas V66-1.65,Vestas V66-1.75,Vestas V80-1.8,Vestas V90,Vestas V90 Gridstreamer,Vestas V100-1.8,Vestas V112-3.0 Offshore,Vestas V112-3.075 Onshore,Vestas V112-3.3,Vestas V112-3.45,Vestas V117-3.3,Vestas V117-3.45,Vestas V126-3.0,Vestas V126-3.3,Vestas V126-3.45,Vestas V136-3.45,Vestas V164-8.0,W2E Wind to Energy W2E-93/2.0,W2E Wind to Energy W2E-100/2.0,W2E Wind to Energy W2E-100/2.5,W2E Wind to Energy W2E-110/2.5,W2E Wind to Energy W2E-120/3fc,W2E Wind to Energy W2E-120/3.5fc,W2E Wind to Energy W2E-120/3.2fc,W2E Wind to Energy W2E-138/3.0fc,W2E Wind to Energy W2E-145/3.0fc,W2E Wind to Energy W2E-151/4.5,W2E Wind to Energy W2E-151/4.8,W2E Wind to Energy W2E-151/4.8fc,W2E Wind to Energy W2E-155/4.5fc,W2E Wind to Energy W2E-165/5.2,W2E Wind to Energy W2E-171/8.0,W2E Wind to Energy W2E-172/5.5,W2E Wind to Energy W2E-185/6.0,W2E Wind to Energy W2E-215/9.0,WDRVM WD2.5-103,Wincon W755/48,WEG Wind EnergyGroup WEG MS-3,WESPA 200/29,WESPA 200/31,WESPA 500/47,WESPA 750/47,Wind World (India) ww-53,Wind World W2700,Windflow 45-500,Windflow 33-500,WindMaster / HMZ WM 300/25,WindMaster / HMZ WM 600 VS45,Windspot 7.5Kw,WinWinD WWD-1 D56,WinWinD WWD-1 D60,WinWinD WWD-1 D64

1.0,0.00,0.00,0.00,,0.00,0.00,0.00,0.00,0.00,0.00,0.00,,0.00,0.00,0.00,0.00,0.00,0.00,0.00,0.00,0.00,0.00,0.00,0.00,0.00,0.00,0.00,0.00,0.00,,,,,0.00,,,,,,,,,,0.00,0.00,,0.00,0.00,0.00,0.00,0.00,0.00,0.00,0.00,0.00,0.00,0.00,0.00,0.00,,0.00,0.00,0.00,0.00,0.00,,,0.00,0.00,0.00,0.00,0.00,0.00,0.00,0.00,0.00,0.00,0.00,0.00,0.00,0.00,0.00,0.00,0.00,0.00,0.00,0.00,0.00,0.00,,,,,,0.00,,0.00,0.00,0.00,37.00,,,,,,,,,,,,,,,,,,0.00,,,,,,,,,,,0.00,0.00,0.00,0.00,0.00,0.00,0.00,0.00,,0.00,0.00,,,,0.00,0.00,0.00,0.00,0.00,0.00,0.00,0.00,0.00,0.00,0.00,0.00,0.00,0.00,0.00,0.00,0.00,0.00,0.00,0.00,0.00,0.00,,0.00,,0.00,,,,,,,,,,,,,,,,,,,,,,,,,,,,,,0.00,0.00,0.00,0.00,0.00,,,,0.00,,0.00,0.00,0.00,0.00,0.00,0.00,0.00,0.00,0.00,0.00,0.00,0.00,0.00,0.00,0.00,0.00,0.00,0.00,0.00,0.00,0.00,0.00,0.00,,,,,,,,,,,,,,0.00,,0.00,,,,,,,,,,0.00,,0.00,0.00,,0.00,0.00,,0.00,,,,,,,0.00,0.00,0.00,0.00,0.00,0.00,,,,,,,,,,,,,,,,,,,,,,,,0.00,,,,,,0.00,0.00,0.00,0.00,0.00,0.00,0.00,0.00,0.00,0.00,0.00,0.00,0.00,0.00,,,0.00,0.00,0.00,0.00,0.00,0.00,0.00,0.00,0.00,0.00,0.00,0.00,0.00,0.00

1.5,,,,,,,,,,,,,,,,,,,,,,,,,,,,,,,,,,,,,,,,,,,,,,,,,,,,,,,,,,,,,,,,,,,,,,,0.00,0.00,0.00,,,,,,,,,,,,,,,,,,,,,,,,,,,,,,,,,,,,,,,,,,,,,,,,,,,,,,,,,,,,,,,,,,,,,,0.00,,,,,,,,,,,,,,,,,,,,,,,,,,,,,,,,,,,,,,,,,,,,,,,,,,,,,,,,,,,,,,,,,,,,,0.00,0.00,0.00,0.00,0.00,0.00,0.00,0.00,0.00,0.00,0.00,0.00,0.00,0.00,0.00,0.00,0.00,0.00,0.00,,,,,,,,,,,,,,,,,,,,,,,,,,,,,,,,,,,,,,,,,,,0.00,0.00,0.00,0.00,,,,,,,,,,,,,,,,,,,,,,,,,,,,,,,,,,,,,,,,,,,,,,,,,,0.00,,0.00,0.00,,0.00,,,,

2.0,0.00,0.00,0.00,,0.00,0.00,0.00,0.00,0.00,0.00,0.00,,0.00,0.00,0.00,0.00,2.00,4.00,4.00,5.00,5.00,5.00,0.00,0.00,0.00,0.00,0.00,0.10,,,,,,0.00,,,,,,,,,,0.00,0.00,,0.00,0.00,0.00,0.00,0.00,0.00,0.00,0.00,0.00,0.00,0.00,0.00,0.00,,0.00,,0.60,0.00,0.00,,,0.00,0.00,2.00,0.00,0.00,0.00,2.00,3.00,3.00,3.00,0.00,3.60,3.00,3.00,3.00,0.00,3.00,3.00,3.00,0.00,0.00,22.50,,,,,,0.00,,0.00,,,,,,,,,,,,,,,,,,,,,0.00,,,,,,,,,,,0.00,0.00,0.00,0.00,0.00,0.00,0.00,0.00,,,0.00,,,,0.00,0.00,0.00,0.00,0.00,0.00,0.00,0.00,0.00,0.00,0.00,0.00,0.00,0.00,0.00,0.00,0.00,0.00,0.00,0.00,0.00,0.00,,0.00,,0.00,,,,,,,,,,,,,,,,,,,,,,,,,,,,,,0.00,0.00,0.00,0.00,0.00,,,,0.00,,0.00,0.00,0.00,0.00,0.00,0.00,0.00,0.00,0.00,0.00,0.00,0.00,0.00,0.00,0.00,0.00,0.00,0.00,0.00,0.00,0.00,0.00,0.00,,,,,,,,,,,,,,0.00,,0.00,,,,,,,,,,0.00,,0.00,0.00,,0.00,0.00,,0.00,,,,,,,0.00,0.00,0.00,0.00,0.00,0.00,,,,,,,,,,,,,,,,,,,,,,,,0.00,,,,0.00,,0.00,0.00,0.00,0.00,0.00,0.00,0.00,0.00,0.00,0.00,0.00,0.00,0.00,0.00,,,0.00,0.00,0.00,0.00,1.00,0.00,0.00,0.00,0.00,0.00,0.00,0.00,0.00,0.00

2.5,,,,,,,,,,,,,,,,,,,,,,,,,,,,,2.00,,,,,,,,,,,,,,,,,,,,,,,,,,,,,,,,,1.00,,,,1.14,,,,,,0.00,3.82,,,,,,,,,,,,,,,,,,,,,,,,,,,,,,,,,,,,,,,,,,,,,,,,,,,,,,,,,,,,,,,,,,,,,,3.00,,,,,,,,,,,,,,,,,,,,,,0.00,,,,,,2.96,,,,,,,,,,,,,,,,,,,,,,,,,,,,,,,,,,,,,,,,,0.00,0.00,7.00,0.00,0.00,0.00,4.00,30.00,15.50,0.00,0.00,15.50,38.63,0.00,0.00,0.00,0.00,0.00,0.00,,,,,,,,,,,,,,,,,,,,,,,,,,,,,,1.00,,,,,,,,,,,,,0.00,0.00,0.00,0.00,,,,,,,,,,,,,,,,,,,,,,,,,,,,,,,,,,,,,,,,,,,,,,,,,,5.00,,0.00,0.00,,,,,,

2.55,,,,,,,,,,,,,,,,,,,,,,,,,,,,,,,,,,,,,,,,,,,,,,,,,,,,,,,,,,,,,,,,,,,,,,,0.60,,,,,,,,,,,,,,,,,,,,,,,,,,,,,,,,,,,,,,,,,,,,,,,,,,,,,,,,,,,,,,,,,,,,,,,,,,,,,,,,,,,,,,,,,,,,,,,,,,,,,,,,,,,,,,,,,,,,,,,,,,,,,,,,,,,,,,,,,,,,,,,,,,,,,,,,,,,,,,,,,,,,,,,,,,,,,,,,,,,,,,,,,,,,,,,,,,,,,,,,,,,,,,,,,,,,,,,,,,,,,,,,,,,,,,,,,,,,,,,,,,,,,,,,,,,,,,,,,,,,,,,,

2.65,,,,,,,,,,,,,,,,,,,,,,,,,,,,,,,,,,,,,,,,,,,,,,,,,,,,,,,,,,,,,,,,,,,,,,,,,,,,,,,,,,,,,,,,,,,,,,,,,,,,,,,,,,,,,,,,,,,,,,,,,,,,,,,,,,,,,,,,,,,,,,,,,,,,,,,,,,,,,,,,,,,,,,,,,,,,,,,,,,,,,,,,,,,,,,,,,,,,,,,,,,,,,,,,,,,,,,,,,,,,,,,,,,,,,,,,,,,,,,,,,,,,,,,,,,,,,,,,,,,,,,,,,,,,,,,,,,,,,,,,,,,,,,,,,,,,,,,,,,,,,,,,,,,,,,,,,,,,,,,,,,,,,,,,,,,0.60,,,,

2.7,,,,,,,,,,,,,,,,,,,,,,,,,,,,,,,,,,,,,,,,,,,,,,,,,,,,,,,,,,,,,,,,,,,,,,,,,,,,,,,,,,,,,,,,,,,,,,,,,,,,,,,,,,,,,,,,,,,,,,,,,,,,,,,,,,,,,,,,,,0.00,,,,,,,,,,,,,,,,,,,,,,,,,,,,,,,,,,,,,,,,,,,,,,,,,,,,,,,,,,,,,,,,,,,,,,,,,,,,,,,,,,,,,,,,,,,,,,,,,,,,,,,,,,,,,,,,,,,,,,,,,,,,,,,,,,,,,,,,,,,,,,,,,,,,,,,,,,,,,,,,,,,,,,,,,,,,,,,,,,,,,,,,,,,,,,,,,,,,,

3.0,0.00,0.00,25.10,,0.00,0.00,4.56,0.00,0.00,29.00,0.00,7.43,,0.00,2.00,2.00,4.00,7.00,7.00,10.00,10.00,10.00,1.00,0.00,0.00,4.00,0.00,0.70,5.00,0.00,1.00,0.00,0.00,0.00,0.00,0.00,0.00,0.00,0.00,0.00,,0.00,,0.00,0.00,,0.00,0.00,0.00,0.00,0.00,0.00,0.00,0.00,0.00,0.90,7.00,33.40,0.00,,1.50,2.50,1.20,3.70,5.00,4.37,1.70,4.00,5.00,14.00,2.60,1.80,,18.00,25.00,25.00,25.00,25.00,29.90,37.00,37.00,37.00,38.00,48.50,48.50,48.50,58.00,55.00,105.00,38.00,23.60,32.00,0.00,,0.00,,0.00,0.00,0.00,97.00,,,,,,0.00,9.70,0.00,0.00,14.00,32.00,35.00,19.50,59.00,59.00,36.00,61.00,0.00,0.00,0.00,1.00,4.50,17.00,25.00,17.00,25.00,56.10,54.00,2.00,1.00,2.00,1.80,2.20,3.30,4.00,0.02,0.09,,0.00,8.80,7.50,3.50,8.00,24.00,24.00,24.00,24.00,19.00,30.00,19.00,3.00,3.00,2.00,20.00,20.00,39.00,39.00,39.00,39.00,41.00,41.00,31.00,57.00,57.00,0.00,0.00,,0.00,0.00,,4.49,0.00,0.00,0.00,0.00,0.00,0.00,,,,1.65,0.00,0.00,0.00,0.00,0.00,0.00,0.00,1.00,0.00,3.00,16.00,23.00,17.00,33.00,33.00,15.00,0.00,0.00,0.00,1.70,1.20,0.00,0.00,4.00,5.00,,0.03,74.00,0.00,58.00,0.00,0.00,35.00,0.00,14.00,11.00,45.00,64.00,41.00,47.00,47.00,41.00,79.34,52.00,52.00,50.00,50.00,58.00,66.00,36.00,23.00,55.20,23.00,77.60,20.00,66.00,55.00,64.00,42.00,43.00,0.00,43.00,0.00,,0.00,,1.00,10.00,11.00,16.00,16.00,0.00,5.00,0.00,0.50,0.78,0.00,1.00,3.00,0.00,3.00,5.00,16.00,18.30,25.90,47.20,54.00,47.40,56.60,0.01,7.00,0.00,0.00,0.00,0.00,0.00,0.00,0.00,0.00,0.00,0.00,1.70,0.00,0.00,0.00,0.00,,13.00,23.00,26.00,22.00,7.00,24.00,22.00,20.00,30.00,35.00,34.50,0.00,,,,0.00,,64.00,47.00,52.00,10.00,5.00,45.90,35.00,13.00,97.00,72.00,101.00,120.00,147.00,0.00,5.80,,0.00,0.00,3.00,4.00,10.00,0.00,0.00,0.00,0.00,,0.25,0.00,0.00,0.00

3.01,,,,,,,,,,,,,,,,,,,,,,,,,,,,,,,,,,,,,,,,,,,,,,,,,,,,,,,,,,,,,,,,,,,,,,,,,15.34,,,,,,,,,,,,,,,,,,,,,,,,,,,,,,,,,,,,,,,,,,,,,,,,,,,,,,,,,,,,,,,,,,,,,,,,,,,,,,,,,,,,,,,,,,,,,,,,,,,,,,,,,,,,,,,,,,,,,,,,,,,,,,,,,,,,,,,,,,,,,,,,,,,,,,,,,,,,,,,,,,,,,,,,,,,,,,,,,,,,,,,,,,,,,,,,,,,,,,,,,,,,,,,,,,,,,,,,,,,,,,,,,,,,,,,,,,,,,,,,,,,,,,,,,,,,,,,,,,,,,,

3.05,,,,,,,,,,,,,,,,,,,,,,,,,,,,,,,,,,,,,,,,,,,,,,,,,,,,,,,,,,,,,,,,,,,,,,,,,,,,,,,,,,,,,,,,,,,,,,,,,,,,172.00,,,,,,,,,,,,,,,,,,,,,,,,,,,,,,,,,,,,,,,,,,,,,,,,,,,,,,,,,,,,,,,,,,,,,,,,,,,,,,,,,,,,,,,,,,,,,,,,,,,,,,,,,,,,,,,,,,,,,,,,,,,,,,,,,,,,,,,,,,,,,,,,,,,,,,,,,,,,,,,,,,,,,,,,,,,,,,,,,,,,,,,,,,,,,,,,,,,,,,,,,,,,,,,,,,,,,,,,,,,,,,,,,,,,,,,4.60,,,,

3.06,,,,,,,,,,,,,,,,,,,,,,,,,,,,,,,,,,,,,,,,,,,,,,,,,,,,,,,,,,,,,,,,,,,,,,,,,,,,,,,,,,,,,,,,,,,,,,,,,,,,,,,,,,,,,,,,,,,,,,,,,,,,,,,,,,,,,,,,,,0.00,,,,,,,,,,,,,,,,,,,,,,,,,,,,,,,,,,,,,,,,,,,,,,,,,,,,,,,,,,,,,,,,,,,,,,,,,,,,,,,,,,,,,,,,,,,,,,,,,,,,,,,,,,,,,,,,,,,,,,,,,,,,,,,,,,,,,,,,,,,,,,,,,,,,,,,,,,,,,,,,,,,,,,,,,,,,,,,,,,,,,,,,,,,,,,,,,,,,,

3.12,,,,,,,,,,,,,11.01,,,,,,,,,,,,,,,,,,,,,,,,,,,,,,,,,,,,,,,,,,,,,,,,,,,,,,,,,,,,,,,,,,,,,,,,,,,,,,,,,,,,,,,,,,,,,,,,,,,,,,,,,,,,,,,,,,,,,,,,,,,,,,,,,,,,,,,,,,,,,,,,,,,,,,,,,,,,,,,,,,,,,,,,,,,,,,,,,,,,,,,,,,,,,,,,,,,,,,,,,,,,,,,,,,,,,,,,,,,,,,,,,,,,,,,,,,,,,,,,,,,,,,,,,,,,,,,,,,,,,,,,,,,,,,,,,,,,,,,,,,,,,,,,,,,,,,,,,,,,,,,,,,,,,,,,,,,,,,,,,,

3.49,,,,,,,,,,,,,,,,,,,,,,,,,,,,,,,,,,,,,,,,,,,,,,,,,,,,,,,,,,,,,,,,,,,,,,,,,30.97,,,,,,,,,,,,,,,,,,,,,,,,,,,,,,,,,,,,,,,,,,,,,,,,,,,,,,,,,,,,,,,,,,,,,,,,,,,,,,,,,,,,,,,,,,,,,,,,,,,,,,,,,,,,,,,,,,,,,,,,,,,,,,,,,,,,,,,,,,,,,,,,,,,,,,,,,,,,,,,,,,,,,,,,,,,,,,,,,,,,,,,,,,,,,,,,,,,,,,,,,,,,,,,,,,,,,,,,,,,,,,,,,,,,,,,,,,,,,,,,,,,,,,,,,,,,,,,,,,,,,,

3.5,,,,,,,,,,,,17.11,,,,,,,,,,,,,,,,,,0.00,,0.00,0.00,,0.00,0.00,0.00,0.00,0.00,0.00,,0.00,,,,0.00,,,,,,,,,,,,,,,,,,,,10.64,6.80,,,,,,,,,,,,,,,,,,,,,,,,,,0.00,,,31.21,,15.00,34.00,,46.00,34.40,31.21,30.66,100.30,0.00,20.45,0.00,0.00,,,,,,,,,,0.00,20.00,16.00,32.30,54.00,89.00,55.00,89.00,127.70,138.00,,,,,,,,,0.26,1.00,,21.45,20.55,17.45,13.00,,,,,,,,,,,,,,,,,,,,,,0.20,,,,0.00,4.40,13.69,0.00,0.00,0.00,0.00,0.00,0.00,,,,6.20,0.00,0.00,0.00,0.00,0.00,0.00,0.00,37.00,13.00,46.00,56.00,81.00,54.00,104.00,106.00,90.00,,,,,,0.00,0.00,14.00,,11.31,,,,,4.60,50.93,72.00,63.85,59.00,56.00,99.00,110.00,109.00,111.00,111.00,110.00,136.25,120.00,120.00,120.00,120.00,136.00,152.00,,,,,,,,,,,,,,,1.70,,19.53,2.50,18.00,18.50,26.50,26.50,0.00,20.00,0.00,,2.48,,,,,,15.00,,41.40,52.40,81.90,,93.60,116.30,,,0.00,0.00,0.00,0.00,0.00,0.00,0.00,0.00,0.00,0.00,15.30,0.00,44.20,0.00,42.20,,52.00,68.00,73.00,73.00,53.00,80.00,78.00,88.00,97.00,101.00,113.30,,46.00,34.40,31.21,60.00,100.30,,,,,,,,,,,,,,,13.10,,,,,,25.00,,0.00,0.00,,,,,,

3.52,,,,,,,,,,,,,,,,,,,,,,,,,,,,,,,,,,,,,,,,,,,,,,,,,,,,,,,,,,,,,,,,,,,,,,,13.90,11.80,,,,,,,,,,,,,,,,,,,,,,,,,,,,,,,,,,,,,,,,,,,,,,,,,,,,,,,,,,,,,,,,,,,,,,,,,,,,,,,,,,,,,,,,,,,,,,,,,,,,,,,,,,,,,,,,,,,,,,,,,,,,,,,,,,,,,,,,,,,,,,,,,,,,,,,,,,,,,,,,,,,,,,,,,,,,,,,,,,,,,,,,,,,,,,,,,,,,,,,,,,,,,,,,,,,,,,,,,,,,,,,,,,,,,,,,,,,,,,,,,,,,,,,,,,,,,,,,,,,8.90,,,,

3.63,,,,,,,,,,,,,36.98,,,,,,,,,,,,,,,,,,,,,,,,,,,,,,,,,,,,,,,,,,,,,,,,,,,,,,,,,,,,,,,,,,,,,,,,,,,,,,,,,,,,,,,,,,,,,,,,,,,,,,,,,,,,,,,,,,,,,,,,,,,,,,,,,,,,,,,,,,,,,,,,,,,,,,,,,,,,,,,,,,,,,,,,,,,,,,,,,,,,,,,,,,,,,,,,,,,,,,,,,,,,,,,,,,,,,,,,,,,,,,,,,,,,,,,,,,,,,,,,,,,,,,,,,,,,,,,,,,,,,,,,,,,,,,,,,,,,,,,,,,,,,,,,,,,,,,,,,,,,,,,,,,,,,,,,,,,,,,,,,,

3.96,,,,,,,,,,,,,,,,,,,,,,,,,,,,,,,,,,,,,,,,,,,,,,,,,,,,,,,,,,,,,,,,,,,,,,,,,,,,,,,,,,,,,,,,,,,,,,,,,,,,,,,,,,,,,,,,,,,,,,,,,,,,,,,,,,,,,,,,,,,,,,,,,,,,,,,,,,,,,,,,,,,,,,,,,,,,,,,,,,,,,,,,,,,,,,,,,,,,,,,,,,,,,,,,,,,,,,,,,,,,,,,,,,,,,,,,,,,,,,,,,,,,,,,,,,,,,,,,,,,,,,,,,,,,,,,,,,,,,,,,,,,,,,,,,,,,,,,,,,,,,,,,,,,,,,,,,,,,,,,,,,,,,,,,,,,16.50,,,,

3.97,,,,,,,,,,,,,,,,,,,,,,,,,,,,,,,,,,,,,,,,,,,,,,,,,,,,,,,,,,,,,,,,,,,,,,,25.60,,,,,,,,,,,,,,,,,,,,,,,,,,,,,,,,,,,,,,,,,,,,,,,,,,,,,,,,,,,,,,,,,,,,,,,,,,,,,,,,,,,,,,,,,,,,,,,,,,,,,,,,,,,,,,,,,,,,,,,,,,,,,,,,,,,,,,,,,,,,,,,,,,,,,,,,,,,,,,,,,,,,,,,,,,,,,,,,,,,,,,,,,,,,,,,,,,,,,,,,,,,,,,,,,,,,,,,,,,,,,,,,,,,,,,,,,,,,,,,,,,,,,,,,,,,,,,,,,,,,,,,,

4.0,5.00,7.10,297.40,,1.00,1.00,10.81,100.00,0.00,171.00,1.00,30.89,,0.00,4.00,4.00,9.00,12.00,12.00,17.00,17.00,17.00,3.00,1.00,4.00,9.40,34.50,1.50,23.00,0.27,4.90,4.80,0.00,0.00,0.00,14.67,26.07,34.52,46.91,56.17,,0.50,,1.00,0.50,0.00,0.00,0.00,0.00,4.00,0.00,0.40,2.50,2.00,2.50,5.50,22.00,165.20,1.00,,3.50,4.00,3.70,10.00,11.00,18.87,14.70,20.00,25.00,38.00,,,51.82,56.00,82.00,82.00,82.00,82.00,98.20,118.00,116.00,116.00,135.00,155.00,155.00,155.00,185.00,175.00,261.00,127.00,,205.00,18.65,54.00,38.00,82.66,85.00,60.00,84.00,378.00,88.10,84.70,82.66,87.97,172.90,29.52,33.25,64.83,77.17,94.00,146.00,134.00,154.50,195.00,195.00,168.00,188.00,100.00,38.50,46.33,81.00,83.90,103.00,171.00,104.00,171.00,216.00,234.00,5.00,7.00,10.00,45.10,52.50,78.40,91.20,0.28,0.50,,0.50,35.83,35.67,34.51,20.00,69.00,69.00,69.00,67.00,70.00,65.00,70.00,73.00,73.00,59.00,69.00,69.00,107.00,107.00,107.00,107.00,122.00,118.00,113.00,139.00,139.00,0.70,0.20,,10.00,0.00,16.68,22.91,26.00,30.00,0.00,0.00,65.00,33.00,8.00,6.00,,17.16,23.00,29.00,20.00,24.00,25.00,15.00,70.00,84.00,69.00,101.00,129.00,154.00,131.00,194.00,197.00,184.00,0.10,3.68,0.10,6.00,7.20,1.30,0.00,25.22,32.00,20.76,0.06,202.00,100.00,158.00,35.10,92.15,119.00,108.49,116.00,114.00,167.00,172.00,197.00,191.00,191.00,199.00,212.04,209.00,209.00,208.00,208.00,235.00,262.00,164.00,139.00,183.80,140.00,244.30,102.00,171.00,239.00,169.00,180.00,184.00,161.00,184.00,4.00,24.10,24.00,46.17,4.70,28.26,28.48,39.74,39.74,37.35,37.52,15.22,1.50,4.71,10.00,5.00,8.00,0.00,11.00,26.52,35.00,70.80,85.80,125.40,151.00,154.20,193.10,0.04,43.00,3.00,3.00,3.00,3.00,3.52,7.68,0.00,0.00,0.00,4.68,30.80,20.00,73.00,11.43,93.30,75.00,108.00,130.00,133.00,134.00,123.00,147.00,150.00,173.00,179.00,184.00,211.80,100.00,88.10,84.70,82.66,125.00,172.90,210.00,175.00,219.00,128.00,205.00,276.10,249.00,257.00,321.00,313.00,346.00,406.00,534.00,81.00,23.50,,4.00,7.00,22.00,25.00,40.00,5.70,0.00,0.00,0.00,,0.55,22.00,27.00,36.54

4.01,,,,,,,,,,,,,,,,,,,,,,,,,,,,,,,,,,,,,,,,,,,,,,,,,,,,,,,,,,,,,,,,,,,,,,,,30.10,,,,,,,,,,,,,,,,,,,,,,,,,,,,,,,,,,,,,,,,,,,,,,,,,,,,,,,,,,,,,,,,,,,,,,,,,,,,,,,,,,,,,,,,,,,,,,,,,,,,,,,,,,,,,,,,,,,,,,,,,,,,,,,,,,,,,,,,,,,,,,,,,,,,,,,,,,,,,,,,,,,,,,,,,,,,,,,,,,,,,,,,,,,,,,,,,,,,,,,,,,,,,,,,,,,,,,,,,,,,,,,,,,,,,,,,,,,,,,,,,,,,,,,,,,,,,,,,,,,,,,,

4.02,,,,,,,,,,,,,,,,,,,,,,,,,,,,,,,,,,,,,,,,,,,,,,,,,,,,,,,,,,,,,,,,,,,,,,,,,,,,,,,,,,,,,,,,,,,,,,,,,,,,,,,,,,,,,,,,,,,,,,,,,,,,,,,,,,,,,,,,,,2.00,,,,,,,,,,,,,,,,,,,,,,,,,,,,,,,,,,,,,,,,,,,,,,,,,,,,,,,,,,,,,,,,,,,,,,,,,,,,,,,,,,,,,,,,,,,,,,,,,,,,,,,,,,,,,,,,,,,,,,,,,,,,,,,,,,,,,,,,,,,,,,,,,,,,,,,,,,,,,,,,,,,,,,,,,,,,,,,,,,,,,,,,,,,,,,,,,,,,,

4.06,,,,,,,,,,,,,52.05,,,,,,,,,,,,,,,,,,,,,,,,,,,,,,,,,,,,,,,,,,,,,,,,,,,,,,,,,,,,,,,,,,,,,,,,,,,,,,,,,,,,,,,,,,,,,,,,,,,,,,,,,,,,,,,,,,,,,,,,,,,,,,,,,,,,,,,,,,,,,,,,,,,,,,,,,,,,,,,,,,,,,,,,,,,,,,,,,,,,,,,,,,,,,,,,,,,,,,,,,,,,,,,,,,,,,,,,,,,,,,,,,,,,,,,,,,,,,,,,,,,,,,,,,,,,,,,,,,,,,,,,,,,,,,,,,,,,,,,,,,,,,,,,,,,,,,,,,,,,,,,,,,,,,,,,,,,,,,,,,,

4.2,,,,,,,,,,,,,,,,,,,,,,,,,,,,,,,,,,,,,,,,,,,,,,,,,,,,,,,,,,,,,,,,,,,,,,,,,,,,,,,,,,,,,,,,,,,180.80,,,,,,,,,,,,,,,,,,,,,,,,,,,,,,,,,,,,,,,,,,,,,,,,,,,,,,,,,,,,,,,,,,,,,,,,,,,,,,,,,,,,,,,,,,,,,,,,,,,,,,,,,,,,,,,,,,,,,,,,,,,,,,,,,,,,,,,,,,,,,,,,,,,,,,,,,,,,,,,,,,,,,,,,,,,,,,,,,,,,,,,,,,,,,,,,,,,,,,,,,,,,,,,,,,,,,,,,,,,,,,,,,,,,,,,,,,,,,,,,,,,,

4.5,,,,0.00,,,,,,,,46.37,,,,,,,,,,,,,,,,,,0.54,,13.60,0.00,,0.00,27.59,47.68,62.26,89.96,102.09,5.00,3.64,,,,0.00,,,,,,,,,,,,,,5.73,,,,,,29.77,26.90,,,,,,,,,,,,,,,,,,,,,,,,,,36.83,,,,,,,,,,,,,47.36,55.83,106.91,119.68,,,,,,,,,,66.00,83.00,163.00,131.60,167.00,269.00,169.00,269.00,320.60,352.00,,,,,,,,,0.83,,,54.81,58.43,68.76,,,,,,,,,,,,,,,,,,,,,,,1.20,,,,0.00,33.79,32.65,48.00,57.50,0.00,0.00,126.00,89.00,,,17.60,29.04,38.77,51.96,51.83,56.35,57.35,69.78,128.96,142.00,136.00,171.00,221.00,245.00,228.00,306.00,311.00,301.00,,,,,,4.65,0.00,38.61,,35.09,,,,,,,,,,,,,,,,,,,,,,,,,,,,,,,,,,,,,,57.40,,83.93,12.35,53.13,55.74,69.87,69.87,63.17,65.26,72.61,,7.27,,,,,,43.26,,105.60,125.70,180.20,,228.00,284.90,,,,,,,9.26,14.09,0.00,0.00,0.00,24.24,53.70,47.50,105.45,60.22,145.20,128.00,177.00,206.00,207.00,209.00,208.00,228.00,237.00,276.00,278.00,283.00,329.90,,,,,,,,,,,,,,,,,,,,,37.50,,,,,,,,,,,,,,,

5.0,,,,,,,,,,,,67.45,,,,,,,,,,,,,,,,,,0.80,12.30,22.40,25.20,,26.20,40.50,69.30,90.00,133.00,148.00,,10.68,3.00,,,0.00,,,,,,,,,,,,,,26.36,,,,,,,40.80,,,,,,,,,,,,,,,,,,,,,,,262.00,,424.00,55.00,141.00,,245.62,,,,,216.00,225.10,245.62,237.80,370.50,65.20,78.40,149.00,162.20,236.00,342.00,321.00,398.40,420.00,420.00,433.00,434.00,,104.00,131.00,259.00,204.60,249.00,389.00,251.00,389.00,449.00,497.00,,,,,,,,,1.22,,,73.80,81.20,103.00,,,,,,,,,,,,,,,,,,,,,,,,,,,18.20,50.41,,70.00,86.60,74.00,79.00,188.00,144.00,19.00,17.00,25.70,44.65,57.00,73.00,81.00,86.00,87.00,120.00,183.00,212.00,219.00,256.00,333.00,356.00,344.00,442.00,447.00,443.00,,,,,,8.00,4.00,52.00,,52.08,,,,,,,,,,,,,,,,,,,,,,,,371.00,330.00,390.40,327.00,501.80,239.00,352.00,549.00,350.00,412.00,421.00,351.00,421.00,,86.00,,131.51,20.00,78.00,83.00,100.00,100.00,89.00,93.00,130.00,,10.03,,,,,,60.00,,147.70,175.10,250.10,298.00,315.90,393.80,,,,,,,15.00,20.50,18.00,21.50,30.40,43.80,77.40,78.20,141.30,109.00,211.30,190.00,256.00,301.00,302.00,302.00,309.00,327.00,340.00,397.00,397.00,404.00,472.60,,216.00,225.10,245.62,,370.45,,,,,,,,,,,,,,,47.40,0.00,,,,,,,,,,,,,,

5.2,,,,,,,,,,,,,,,,,,,,,,,,,,,,,,,,,,,,,,,,,,,,,,,,,,,,,,,,,,,,,,,,,,,,,,,,,,,,,,,,,,,,,,,,,,,380.30,,,,,,,,,,,,,,,,,,,,,,,,,,,,,,,,,,,,,,,,,,,,,,,,,,,,,,,,,,,,,,,,,,,,,,,,,,,,,,,,,,,,,,,,,,,,,,,,,,,,,,,,,,,,,,,,,,,,,,,,,,,,,,,,,,,,,,,,,,,,,,,,,,,,,,,,,,,,,,,,,,,,,,,,,,,,,,,,,,,,,,,,,,,,,,,,,,,,,,,,,,,,,,,,,,,,,,,,,,,,,,,,,,,,,,,,,,,,,,,,,,,,

5.4,,,,,,,,,,,,,,,,,,,,,,,,,,,,,,,,,,,,,,,,,,,,,,,,,,,,,,,,,,,,,,,,,,,,,,,,,,,,,,,,,,,,,,,,,,,,,,,,,,,,,,,,,,,,,,,,,,,,,,,,,,,,,,,,,,,,,,,,,,,,,,,,,,,,,,,,,,,,,,,,,,,,,,,5.00,,,,,,,,,,,,,,,,,,,,,,,,,,,,,,,,,,,,,,,,,,,,,,,,,,,,,,,,,,,,,,,,,,,,,,,,,,,,,,,,,,,,,,,,,,,,,,,,,,,,,,,,,,,,,,,,,,,,,,,,,,,,,,,,,,,,,,,,,,,,,,,,,,,,,,,,,,,,,,,,,,,,,,,,

5.5,,,,11.00,,,,,,,,,,,,,,,,,,,,,,,,,,,,,,,,,,,,,,,,,,1.00,,,,,,,,,,,,,,51.72,,,,,,,,,,,,,,,,,,,,,,,,,,,,,,,,,,,,,,,,,,,,,,,,,,,,,,,,,,,,,,,,,,,,,,,,,,,,,,,,,,,,,,,,,,,,,,,,,,,,,,,,,,,,,,68.23,,,,,,,,,,32.00,,,,,,,,,,,,,,,,,,,,,,,,,,,68.85,,,,,,,,,,,,,,,,,,,,,,,,,,,,,,,,,,,,,,136.90,,184.14,,,,,,,,,,,,,,,,,,,,,,,,,,,,,,,,,,,,,,,,,265.00,,,,,,,,,,,,,,,,,,,,,,,,,,,,,,,,,,,,,,,,,,,,,,,

5.8,,,,,,,,,,,,,,,,,,,,,,,,,,,,,,,,,,,,,,,,,,,,,,,,,,,,,,,,,,,,,,,,,,,,,,,,,,,,,,,,,,,,,,,,,,,,,,,,,,,,,,,,,,,,,,,,,,,,,,,,,,,,,,,,,,,,,,,,,,,,,,,,,,,,,,,,,,,,,,,,,,,,,,,13.00,,,,,,,,,,,,,,,,,,,,,,,,,,,,,,,,,,,,,,,,,,,,,,,,,,,,,,,,,,,,,,,,,,,,,,,,,,,,,,,,,,,,,,,,,,,,,,,,,,,,,,,,,,,,,,,,,,,,,,,,,,,,,,,,,,,,,,,,,,,,,,,,,,,,,,,,,,,,,,,,,,,,,,,,

6.0,,,,,,,,,,,,,,,,,,,,,,,,,,,,,,,,,,,,,,,,,,,9.00,,,,,,,,,,,,,,,,,81.80,,,,,,,,,,,,,,,,,,,,,,,,,,,,,,,,,,273.00,,,,,,,,,,,,,,,,,,,,,,,,,,,,,,,,,,,,,,,,,,,,,,,,,,,,,,,,,,,,,,,,,,,,,,,,,,,,,,,,,,,,31.00,30.00,35.80,,,,,,,,,,,,,,,,,,,,,,,,,,,,,,,,,,,,,,,,,,,,,,,,,,,,,,,,,,,,,,,,,,,,,,,,,,,,,,,,,,,,,,,,,,,,,,,,,,,,,,,,,,,,354.00,,,,,,,,,,,,,,,,,,,,,,,,,,,,,,,,,,,,,,,,,,,,,,,

6.3,,,,,,,,,,,,,,,,,,,,,,,,,,,,,,,,,,,,,,,,,,,,,,,,,,,,,,,,,,,,,,,,,,,,,,,,,,,,,,,,,,,,,,,,,,,,,,,,,,,,,,,,,,,,,,,,,,,,,,,,,,,,,,,,,,,,,,,,,,,,,,,,,,,,,,,,,,,,,,,,,,,,,,,24.00,,,,,,,,,,,,,,,,,,,,,,,,,,,,,,,,,,,,,,,,,,,,,,,,,,,,,,,,,,,,,,,,,,,,,,,,,,,,,,,,,,,,,,,,,,,,,,,,,,,,,,,,,,,,,,,,,,,,,,,,,,,,,,,,,,,,,,,,,,,,,,,,,,,,,,,,,,,,,,,,,,,,,,,,

6.5,,,,30.00,,,,,,,,,,,,,,,,,,,,,,,,,,,,,,,,,,,,,50.00,,,,,,,,,,,,,,,,,,,116.65,,,,,,,,,,,,,,,,,,,,,,,,,,,,,,,,,,,,,,,,,,,,,,,,,,,,,,,,,,,,,,,,,,,,,,,,,,,,,,,,,,,,,,,,,,,,,,,,,,,,,,,,,,,,,,,,,,,,,,,,44.90,,,,,,,,,,,,,,,,,,,,,,,,,,,,,,,,,,,,,,,,,,,,,,,,,,,,,,,,,,,,,,,,,,,,,,,,,,,,,,,,,,,,,,,,,,,,,,,,,,,,,,,,,,,,,,,,,,,,,,,,,,,,,,,,,,,,,,,,,,,,,,,,,,,,,,,,,,,

6.7,,,,,,,,,,,,,,,,,,,,,,,,,,,,,,,,,,,,,,,,,,,,,,,,,,,,,,,,,,,,,,,,,,,,,,,,,,,,,,,,,,,,,,,,,,,,,,,,,,,,,,,,,,,,,,,,,,,,,,,,,,,,,,,,,,,,,,,,,,,,,,,,,,,,,,,,,,,,,,,,,,,,,,,37.00,,,,,,,,,,,,,,,,,,,,,,,,,,,,,,,,,,,,,,,,,,,,,,,,,,,,,,,,,,,,,,,,,,,,,,,,,,,,,,,,,,,,,,,,,,,,,,,,,,,,,,,,,,,,,,,,,,,,,,,,,,,,,,,,,,,,,,,,,,,,,,,,,,,,,,,,,,,,,,,,,,,,,,,,

7.0,,,,,,,,,,,,,,,,,,,,,,,,,,,,,,,,,,,,,,,,,,,20.00,,,,,,,,,,,,,,,,,,,,,,,,,,,,,,,,,,,,,,,,,,,,,,,,,,,,,,,,,,,,,,,,,,,,,,,,,,,,,,,,,,,,,,,,,,,,,,,,,,,,,,,,,,,,,,,,,,,,,,,,,,,,,,,,,,,,,,,,,,,,,,,,,,,,,,,,,,,,,,,,,,,,,,,,,,,,,,,,,,,,,,,,,,,,,,,,,,,,,,,,,,,,,,,,,,,,,,,,,,,,,,,,,,,,,,,,,,,,,,,,,,,,,,,,,,,,,,,,,,,,,,,,,,,,,,,,,,,,,,50.00,,,,,,,,,,,,,,

7.2,,,,,,,,,,,,,,,,,,,,,,,,,,,,,,,,,,,,,,,,,,,,,,,,,,,,,,,,,,,,,,,,,,,,,,,,,,,,,,,,,,,,,,,,,,,,,,,,,,,,,,,,,,,,,,,,,,,,,,,,,,,,,,,,,,,,,,,,,,,,,,,,,,,,,,,,,,,,,,,,,,,,,,,49.00,,,,,,,,,,,,,,,,,,,,,,,,,,,,,,,,,,,,,,,,,,,,,,,,,,,,,,,,,,,,,,,,,,,,,,,,,,,,,,,,,,,,,,,,,,,,,,,,,,,,,,,,,,,,,,,,,,,,,,,,,,,,,,,,,,,,,,,,,,,,,,,,,,,,,,,,,,,,,,,,,,,,,,,,

7.6,,,,,,,,,,,,,,,,,,,,,,,,,,,,,,,,,,,,,,,,,,,,,,,,,,,,,,,,,,,,,,,,,,,,,,,,,,,,,,,,,,,,,,,,,,,,,,,,,,,,,,,,,,,,,,,,,,,,,,,,,,,,,,,,,,,,,,,,,,,,,,,,,,,,,,,,,,,,,,,,,,,,,,,62.00,,,,,,,,,,,,,,,,,,,,,,,,,,,,,,,,,,,,,,,,,,,,,,,,,,,,,,,,,,,,,,,,,,,,,,,,,,,,,,,,,,,,,,,,,,,,,,,,,,,,,,,,,,,,,,,,,,,,,,,,,,,,,,,,,,,,,,,,,,,,,,,,,,,,,,,,,,,,,,,,,,,,,,,,

10.01,,,,,,,,,,,,,,,,,,,,,,,,,,,,,,,,,,,,,,,,,,,,,,,,,,,,,,,,,,,,,,,,,,,,,,,680.80,,991.00,,,,,,,,,,,,,,,,,,,,,,,,,,,,,,,,,,,,,,,,,,,,,,,,,,,,,,,,,,,,,,,,,,,,,,,,,,,,,,,,,,,,,,,,,,,,,,,,,,,,,,,,,,,,,,,,,,,,,,,,,,,,,,,,,,,,,,,,,,,,,,,,,,,,,,,,,,,,,,,,,,,,,,,,,,,,,,,,,,,,,,,,,,,,,,,,,,,,,,,,,,,,,,,,,,,,,,,,,,,,,,,,,,,,,,,,,,,,,,,,,,,,,,,,,,,,,,,,,,442.10,,,,

10.2,,,,,,,,,,,,,,,,,,,,,,,,,,,,,,,,,,,,,,,,,,,,,,,,,,,,,,,,,,,,,,,,,,,,,,,,,,,,,,,,,,,,,,,,,,,2722.10,,,,,,,,,,,,,,,,,,,,,,,,,,,,,,,,,,,,,,,,,,,,,,,,,,,,,,,,,,,,,,,,,,,,,,,,,,,,,,,,,,,,,,,,,,,,,,,,,,,,,,,,,,,,,,,,,,,,,,,,,,,,,,,,,,,,,,,,,,,,,,,,,,,,,,,,,,,,,,,,,,,,,,,,,,,,,,,,,,,,,,,,,,,,,,,,,,,,,,,,,,,,,,,,,,,,,,,,,,,,,,,,,,,,,,,,,,,,,,,,,,,,

10.3,,,,,,,,,,,,,,,,,,,,,,,,,,,,,,,,,,,,,,,,,,,,,,,,,,,,,,,,,,,,,,,,,,,,,,,,,,,,,,,,,,,,,,,,,,,,,,,,,,,,,,,,,,,,,,,,,,,,,,,,,,,,,,,,,,,,,,,,,,,,,,,,,,,,,,,,,,,,,,,,,,,,,,,158.00,,,,,,,,,,,,,,,,,,,,,,,,,,,,,,,,,,,,,,,,,,,,,,,,,,,,,,,,,,,,,,,,,,,,,,,,,,,,,,,,,,,,,,,,,,,,,,,,,,,,,,,,,,,,,,,,,,,,,,,,,,,,,,,,,,,,,,,,,,,,,,,,,,,,,,,,,,,,,,,,,,,,,,,,

10.44,,,,,,,,,,,,,,,,,,,,,,,,,,,,,,,,,,,,,,,,,,,,,,,,,,,,,,,,,,,,,,,,,,,,,,,,,,,,,,,,,,,,,,,,,,,,,,,,,,,,,,,,,,,,,,,,,,,,,,,,,,,,,,,,,,,,,,,,,,,,,,,,,,,,,,,,,,,,,,,,,,,,,,,,,,,,,,,,,,,,,,,,,,,,,,,,,,,,,,,,,,,,,,,,,,,,,,,,,,,,,,,,,,,,,,,,,,,,,,,,,,,,,,,,,,,,,,,,,,,,,,,,,,,,,,,,,,,,,,,,,,,,,,,,,,,,,,,,,,,,,,,,,,,,,,,,,,,,,,,,,,,,,,,,,,,499.20,,,,

10.48,,,,,,,,,,,,,856.38,,,,,,,,,,,,,,,,,,,,,,,,,,,,,,,,,,,,,,,,,,,,,,,,,,,,,,,,,,,998.20,1135.17,,,,,,,,,,,,,,,,,,,,,,,,,,,,,,,,,,,,,,,,,,,,,,,,,,,,,,,,,,,,,,,,,,,,,,,,,,,,,,,,,,,,,,,,,,,,,,,,,,,,,,,,,,,,,,,,,,,,,,,,,,,,,,,,,,,,,,,,,,,,,,,,,,,,,,,,,,,,,,,,,,,,,,,,,,,,,,,,,,,,,,,,,,,,,,,,,,,,,,,,,,,,,,,,,,,,,,,,,,,,,,,,,,,,,,,,,,,,,,,,,,,,,,,,,,,,,,,,,,,,,,

10.5,,,,164.00,,,,,,,,670.17,,,,,,,,,,,,,,,,,,6.83,,231.15,315.35,,397.65,397.65,664.05,913.00,1346.00,1594.00,,133.40,,,,166.00,,,,,,,,,,,,,,520.31,,,,,,362.93,460.80,,,,,,,,,,,,,,,,,,,,,,,,,,658.00,,,,,,,,,,,,,624.55,745.80,1468.00,1523.55,,,,,,,,,,1211.00,1283.00,1594.00,2193.10,2282.00,2477.00,2291.00,2619.00,3067.20,3285.00,,,,,,,,,15.00,34.00,,605.00,661.00,1249.50,250.00,,,,,,,,,,,,,,,,,,,,,,11.00,,,,405.50,499.40,592.14,640.00,694.00,1171.50,1187.50,1353.00,1381.00,,,177.20,405.08,521.00,787.50,842.50,1138.50,1307.50,1482.00,1799.50,1924.00,2430.00,2282.00,2807.00,2385.00,3109.00,2965.00,3215.00,3491.00,,,,,,122.00,136.00,490.00,,446.50,,,,,1359.90,1728.51,1500.00,2000.00,1500.00,2000.00,2000.00,2500.00,2000.00,2500.00,3000.00,2000.00,2500.00,2500.00,3000.00,2200.00,2500.00,2500.00,2500.00,,,,,,,,,,,,,,,1133.60,,1291.54,225.50,774.00,825.50,905.50,930.50,900.50,920.00,1710.00,,68.43,,,,,,569.00,,1287.60,1402.70,2116.80,,2412.60,2835.10,,,176.00,194.40,215.00,215.00,165.00,180.50,340.00,398.00,410.50,494.00,629.80,984.00,1168.00,1434.00,1742.90,1762.00,1784.00,2808.00,2821.00,2868.00,3011.00,3063.00,3201.00,2985.00,3238.00,3366.00,3450.00,,,,,,,,,,,,,,,,,,,,,511.10,,,,,,720.00,,417.00,243.00,,,,,,

10.53,,,,,,,,,,,,,,,,,,,,,,,,,,,,,,,,,,,,,,,,,,,,,,,,,,,,,,,,,,,,,,,,,,,,,,,759.20,,,,,,,,,,,,,,,,,,,,,,,,,,,,,,,,,,,,,,,,,,,,,,,,,,,,,,,,,,,,,,,,,,,,,,,,,,,,,,,,,,,,,,,,,,,,,,,,,,,,,,,,,,,,,,,,,,,,,,,,,,,,,,,,,,,,,,,,,,,,,,,,,,,,,,,,,,,,,,,,,,,,,,,,,,,,,,,,,,,,,,,,,,,,,,,,,,,,,,,,,,,,,,,,,,,,,,,,,,,,,,,,,,,,,,,,,,,,,,,,,,,,,,,,,,,,,,,,,,,,,,,,

10.7,,,,,,,,,,,,,,,,,,,,,,,,,,,,,,,,,,,,,,,,,,,,,,,,,,,,,,,,,,,,,,,,,,,,,,,,,,,,,,,,,,,,,,,,,,,,,,,,,,,,,,,,,,,,,,,,,,,,,,,,,,,,,,,,,,,,,,,,,,,,,,,,,,,,,,,,,,,,,,,,,,,,,,,176.00,,,,,,,,,,,,,,,,,,,,,,,,,,,,,,,,,,,,,,,,,,,,,,,,,,,,,,,,,,,,,,,,,,,,,,,,,,,,,,,,,,,,,,,,,,,,,,,,,,,,,,,,,,,,,,,,,,,,,,,,,,,,,,,,,,,,,,,,,,,,,,,,,,,,,,,,,,,,,,,,,,,,,,,,

10.96,,,,,,,,,,,,,,,,,,,,,,,,,,,,,,,,,,,,,,,,,,,,,,,,,,,,,,,,,,,,,,,,,,,,,,,854.80,,,,,,,,,,,,,,,,,,,,,,,,,,,,,,,,,,,,,,,,,,,,,,,,,,,,,,,,,,,,,,,,,,,,,,,,,,,,,,,,,,,,,,,,,,,,,,,,,,,,,,,,,,,,,,,,,,,,,,,,,,,,,,,,,,,,,,,,,,,,,,,,,,,,,,,,,,,,,,,,,,,,,,,,,,,,,,,,,,,,,,,,,,,,,,,,,,,,,,,,,,,,,,,,,,,,,,,,,,,,,,,,,,,,,,,,,,,,,,,,,,,,,,,,,,,,,,,,,,,,,,,,

10.98,,,,,,,,,,,,,,,,,,,,,,,,,,,,,,,,,,,,,,,,,,,,,,,,,,,,,,,,,,,,,,,,,,,,,,,,,1274.96,,,,,,,,,,,,,,,,,,,,,,,,,,,,,,,,,,,,,,,,,,,,,,,,,,,,,,,,,,,,,,,,,,,,,,,,,,,,,,,,,,,,,,,,,,,,,,,,,,,,,,,,,,,,,,,,,,,,,,,,,,,,,,,,,,,,,,,,,,,,,,,,,,,,,,,,,,,,,,,,,,,,,,,,,,,,,,,,,,,,,,,,,,,,,,,,,,,,,,,,,,,,,,,,,,,,,,,,,,,,,,,,,,,,,,,,,,,,,,,,,,,,,,,,,,,,,,,,,,,,,,

10.99,,,,,,,,,,,,,,,,,,,,,,,,,,,,,,,,,,,,,,,,,,,,,,,,,,,,,,,,,,,,,,,,,,,,,,,,1122.00,,,,,,,,,,,,,,,,,,,,,,,,,,,,,,,,,,,,,,,,,,,,,,,,,,,,,,,,,,,,,,,,,,,,,,,,,,,,,,,,,,,,,,,,,,,,,,,,,,,,,,,,,,,,,,,,,,,,,,,,,,,,,,,,,,,,,,,,,,,,,,,,,,,,,,,,,,,,,,,,,,,,,,,,,,,,,,,,,,,,,,,,,,,,,,,,,,,,,,,,,,,,,,,,,,,,,,,,,,,,,,,,,,,,,,,,,,,,,,,,,,,,,,,,,,,,,,,,,,,551.10,,,,

11.0,181.00,196.40,5167.50,,65.00,125.00,200.00,6000.00,57.50,2669.00,131.00,740.92,959.71,10.00,20.00,30.00,50.00,60.00,100.00,60.00,100.00,180.00,19.00,55.00,58.00,60.00,500.00,6.20,250.00,7.50,130.80,250.70,343.30,319.70,433.70,433.70,730.00,1006.00,1502.00,1769.00,150.00,147.04,57.00,89.50,12.80,190.00,180.00,240.00,282.00,499.90,15.80,20.20,47.50,80.00,80.00,141.00,590.00,2000.00,24.50,580.17,52.50,69.50,67.40,230.50,278.00,396.64,508.10,600.00,671.00,744.00,,,,1590.00,1890.00,1810.00,1890.00,1880.00,2088.70,2867.00,2810.00,2810.00,3540.00,2490.00,2900.00,2957.00,3660.00,4850.00,3902.00,2100.00,,3362.00,739.00,1377.00,2114.00,2466.38,2443.00,1993.00,2019.00,2970.00,1928.00,2019.50,2466.38,2475.95,2954.00,684.60,796.60,1591.00,1673.40,1973.00,1994.00,2459.00,2488.00,4120.00,4174.00,3254.00,4337.00,1700.00,1342.00,1359.00,1609.00,2283.70,2405.00,2514.00,2441.00,2696.00,3165.00,3368.00,60.00,90.00,550.00,2043.90,2374.30,2500.00,2500.00,4.77,17.20,,13.10,658.00,700.00,1408.00,250.00,800.00,850.00,1000.00,1294.00,800.00,850.00,1000.00,1478.00,1516.00,1554.00,1000.00,1421.00,950.00,1000.00,1500.00,1887.00,2000.00,2402.00,2430.00,2000.00,2500.00,11.00,173.60,,4000.00,438.13,543.80,640.27,701.00,738.73,1285.00,1308.00,1413.00,1504.00,160.00,158.00,189.50,444.28,572.00,871.00,925.00,1271.00,1453.00,1658.00,1992.00,2122.00,2698.00,2401.00,2916.00,2400.00,3308.00,2997.00,3281.00,3580.00,132.00,191.00,256.30,59.90,90.20,132.00,149.00,540.00,815.00,490.04,1.82,2500.00,2630.00,2700.00,1525.40,1857.62,1500.00,2000.00,1500.00,2000.00,2000.00,2500.00,2000.00,2500.00,3000.00,2000.00,2500.00,2500.00,3000.00,2200.00,2500.00,2500.00,2500.00,2970.00,3098.00,3105.50,3208.00,3400.00,2000.00,2296.00,3145.00,3083.00,3278.00,3268.00,3399.00,3534.00,189.00,1271.40,1284.00,1396.90,247.00,837.00,893.00,950.00,1000.00,990.00,1008.00,1880.00,35.00,73.39,380.00,64.00,97.00,9.00,296.00,600.00,732.00,1372.70,1461.60,2285.50,2448.00,2465.10,2940.50,0.86,859.00,190.00,199.70,243.00,243.00,180.00,196.00,375.00,440.00,450.00,538.00,668.00,1054.40,1258.93,1582.00,1861.20,1893.00,1796.00,2988.00,2997.00,3071.00,3252.00,3216.00,3374.00,2999.00,3290.00,3433.00,3450.00,7100.00,1928.00,2019.50,2466.38,2423.00,2954.00,3250.00,3020.00,2998.00,2959.00,4372.00,4694.50,4258.00,4185.00,5041.00,6548.00,5387.00,5868.00,8503.00,2358.00,563.80,,148.00,162.00,500.00,546.00,775.00,146.60,448.00,275.00,155.00,,6.90,809.00,947.40,979.96

11.01,,,,,,,,,,,,,,,,,,,,,,,,,,,,,,,,,,,,,,,,,,,,,,,,,,,,,,,,,,,,,,,,,,,,,,,,,,,,,,,,,,,,,,,,,,,,,,,,,,,,,,,,,,,,,,,,,,,,,,,,,,,,,,,,,,,,,,,,,,38.00,,,,,,,,,,,,,,,,,,,,,,,,,,,,,,,,,,,,,,,,,,,,,,,,,,,,,,,,,,,,,,,,,,,,,,,,,,,,,,,,,,,,,,,,,,,,,,,,,,,,,,,,,,,,,,,,,,,,,,,,,,,,,,,,,,,,,,,,,,,,,,,,,,,,,,,,,,,,,,,,,,,,,,,,,,,,,,,,,,,,,,,,,,,,,,,,,,,,,

11.1,,,,,,,,,,,,,,,,,,,,,,,,,,,,,,,,,,,,,,,,,,,,,,,,,,,,,,,,,,,,,,,,,,,,,,,,,,,,,,,,,,,,,,,,,,,3287.20,,,,,,,,,,,,,,,,,,,,,,,,,,,,,,,,,,,,,,,,,,,,,,,,,,,,,,,,,,,,,,,,,,,,,,,,,,,,,,,,,,,,,,,,,,,,,,,,,,,,,,,,,,,,,,,,,,,,,,,,,,,,,,,,,,,,,,,,,,,,,,,,,,,,,,,,,,,,,,,,,,,,,,,,,,,,,,,,,,,,,,,,,,,,,,,,,,,,,,,,,,,,,,,,,,,,,,,,,,,,,,,,,,,,,,,,,,,,,,,,,,,,

11.2,,,,,,,,,,,,,,,,,,,,,,,,,,,,,,,,,,,,,,,,,,,,,,,,,,,,,,,,,,,,,,,,,,,,,,,,,,,,,,,,,,,,,,,,,,,,,,,,,,,,,,,,,,,,,,,,,,,,,,,,,,,,,,,,,,,,,,,,,,,,,,,,,,,,,,,,,,,,,,,,,,,,,,,196.00,,,,,,,,,,,,,,,,,,,,,,,,,,,,,,,,,,,,,,,,,,,,,,,,,,,,,,,,,,,,,,,,,,,,,,,,,,,,,,,,,,,,,,,,,,,,,,,,,,,,,,,,,,,,,,,,,,,,,,,,,,,,,,,,,,,,,,,,,,,,,,,,,,,,,,,,,,,,,,,,,,,,,,,,

11.43,,,,,,,,,,,,,,,,,,,,,,,,,,,,,,,,,,,,,,,,,,,,,,,,,,,,,,,,,,,,,,,,,,,,,,,,,,,,,,,,,,,,,,,,,,,,,,,,,,,,,,,,,,,,,,,,,,,,,,,,,,,,,,,,,,,,,,,,,,,,,,,,,,,,,,,,,,,,,,,,,,,,,,,,,,,,,,,,,,,,,,,,,,,,,,,,,,,,,,,,,,,,,,,,,,,,,,,,,,,,,,,,,,,,,,,,,,,,,,,,,,,,,,,,,,,,,,,,,,,,,,,,,,,,,,,,,,,,,,,,,,,,,,,,,,,,,,,,,,,,,,,,,,,,,,,,,,,,,,,,,,,,,,,,,,,589.40,,,,

11.47,,,,,,,,,,,,,,,,,,,,,,,,,,,,,,,,,,,,,,,,,,,,,,,,,,,,,,,,,,,,,,,,,,,,,,,921.10,,,,,,,,,,,,,,,,,,,,,,,,,,,,,,,,,,,,,,,,,,,,,,,,,,,,,,,,,,,,,,,,,,,41.00,,,,,,,,,,,,,,,,,,,,,,,,,,,,,,,,,,,,,,,,,,,,,,,,,,,,,,,,,,,,,,,,,,,,,,,,,,,,,,,,,,,,,,,,,,,,,,,,,,,,,,,,,,,,,,,,,,,,,,,,,,,,,,,,,,,,,,,,,,,,,,,,,,,,,,,,,,,,,,,,,,,,,,,,,,,,,,,,,,,,,,,,,,,,,,,,,,,,,

11.49,,,,,,,,,,,,,,,,,,,,,,,,,,,,,,,,,,,,,,,,,,,,,,,,,,,,,,,,,,,,,,,,,,,,,,,,1247.40,,,,,,,,,,,,,,,,,,,,,,,,,,,,,,,,,,,,,,,,,,,,,,,,,,,,,,,,,,,,,,,,,,,,,,,,,,,,,,,,,,,,,,,,,,,,,,,,,,,,,,,,,,,,,,,,,,,,,,,,,,,,,,,,,,,,,,,,,,,,,,,,,,,,,,,,,,,,,,,,,,,,,,,,,,,,,,,,,,,,,,,,,,,,,,,,,,,,,,,,,,,,,,,,,,,,,,,,,,,,,,,,,,,,,,,,,,,,,,,,,,,,,,,,,,,,,,,,,,,,,,,

11.5,,,,198.00,,,,,,,,801.95,,,,,,,,,,,,,,,,,,8.25,,265.70,366.45,,466.15,466.15,788.25,1079.50,1621.00,1905.00,,159.56,,,,214.00,,,,,,,,,,,,,,632.61,,,,,,435.27,535.60,,,,,,,,,,,,,,,,,,,,,,,,,,795.00,,,,,,,,,,,,,732.25,816.25,1718.00,1770.45,,,,,,,,,,1401.00,1402.00,1619.00,2366.20,2476.00,2528.00,2567.00,2739.00,3201.70,3405.00,,,,,,,,,18.70,,,688.00,717.50,1549.50,250.00,,,,,,,,,,,,,,,,,,,,,,11.00,,,,485.00,591.50,678.64,743.00,783.00,1355.50,1407.50,1458.00,1571.00,,,205.00,484.54,620.00,943.50,990.50,1341.50,1476.50,1821.00,2100.00,2280.00,2907.00,2473.00,2978.00,2400.00,3449.00,3000.00,3300.00,3600.00,,,,,,140.00,161.50,587.50,,532.21,,,,,1688.80,1955.46,1500.00,2000.00,1500.00,2000.00,2000.00,2500.00,2000.00,2500.00,3000.00,2000.00,2500.00,2500.00,3000.00,2200.00,2500.00,2500.00,2500.00,,,,,,,,,,,,,,,1353.70,,1462.24,269.00,893.50,946.50,950.00,1000.00,1058.50,1080.00,1990.00,,77.78,,,,,,600.00,,1440.00,1483.90,2389.00,,2497.90,2994.10,,,198.00,200.00,262.00,262.00,194.00,206.00,407.50,475.00,482.00,569.00,742.40,1143.35,1362.70,1665.00,1948.10,1968.00,1799.00,3046.00,3050.00,3201.00,3388.00,3281.00,3435.00,3000.00,3299.00,3448.00,3450.00,,,,,,,,,,,,,,,,,,,,,615.10,300.00,,,,,810.00,,471.00,308.00,,,,,,

11.51,,,,,,,,,,,,,1022.66,,,,,,,,,,,,,,,,,,,,,,,,,,,,,,,,,,,,,,,,,,,,,,,,,,,,,,,,,,,,,,,,,,,,,,,,,,,,,,,,,,,,,,,,,,,,,,,,,,,,,,,,,,,,,,,,,,,,,,,,,,,,,,,,,,,,,,,,,,,,,,,,,,,,,,,,,,,,,,,,,,,,,,,,,,,,,,,,,,,,,,,,,,,,,,,,,,,,,,,,,,,,,,,,,,,,,,,,,,,,,,,,,,,,,,,,,,,,,,,,,,,,,,,,,,,,,,,,,,,,,,,,,,,,,,,,,,,,,,,,,,,,,,,,,,,,,,,,,,,,,,,,,,,,,,,,,,,,,,,,,,

11.52,,,,,,,,,,,,,,,,,,,,,,,,,,,,,,,,,,,,,,,,,,,,,,,,,,,,,,,,,,,,,,,,,,,,,,,,,1430.38,,,,,,,,,,,,,,,,,,,,,,,,,,,,,,,,,,,,,,,,,,,,,,,,,,,,,,,,,,,,,,,,,,,,,,,,,,,,,,,,,,,,,,,,,,,,,,,,,,,,,,,,,,,,,,,,,,,,,,,,,,,,,,,,,,,,,,,,,,,,,,,,,,,,,,,,,,,,,,,,,,,,,,,,,,,,,,,,,,,,,,,,,,,,,,,,,,,,,,,,,,,,,,,,,,,,,,,,,,,,,,,,,,,,,,,,,,,,,,,,,,,,,,,,,,,,,,,,,,,,,,

11.6,,,,,,,,,,,,,,,,,,,,,,,,,,,,,,,,,,,,,,,,,,,,,,,,,,,,,,,,,,,,,,,,,,,,,,,,,,,,,,,,,,,,,,,,,,,,,,,,,,,,,,,,,,,,,,,,,,,,,,,,,,,,,,,,,,,,,,,,,,,,,,,,,,,,,,,,,,,,,,,,,,,,,,,216.00,,,,,,,,,,,,,,,,,,,,,,,,,,,,,,,,,,,,,,,,,,,,,,,,,,,,,,,,,,,,,,,,,,,,,,,,,,,,,,,,,,,,,,,,,,,,,,,,,,,,,,,,,,,,,,,,,,,,,,,,,,,,,,,,,,,,,,,,,,,,,,,,,,,,,,,,,,,,,,,,,,,,,,,,

11.95,,,,,,,,,,,,,1079.75,,,,,,,,,,,,,,,,,,,,,,,,,,,,,,,,,,,,,,,,,,,,,,,,,,,,,,,,,,,,,,,,,,,,,,,,,,,,,,,,,,,,,,,,,,,,,,,,,,,,,,,,,,,,,,,,,,,,,,,,,,,,,,,,,,,,,,,,,,,,,,,,,,,,,,,,,,,,,,,,,,,,,,,,,,,,,,,,,,,,,,,,,,,,,,,,,,,,,,,,,,,,,,,,,,,,,,,,,,,,,,,,,,,,,,,,,,,,,,,,,,,,,,,,,,,,,,,,,,,,,,,,,,,,,,,,,,,,,,,,,,,,,,,,,,,,,,,,,,,,,,,,,,,,,,,,,,,,,,,,,,

11.99,,,,,,,,,,,,,,,,,,,,,,,,,,,,,,,,,,,,,,,,,,,,,,,,,,,,,,,,,,,,,,,,,,,,,,,952.40,1337.80,,,,,,,,,,,,,,,,,,,,,,,,,,,,,,,,,,,,,,,,,,,,,,,,,,,,,,,,,,,,,,,,,,,,,,,,,,,,,,,,,,,,,,,,,,,,,,,,,,,,,,,,,,,,,,,,,,,,,,,,,,,,,,,,,,,,,,,,,,,,,,,,,,,,,,,,,,,,,,,,,,,,,,,,,,,,,,,,,,,,,,,,,,,,,,,,,,,,,,,,,,,,,,,,,,,,,,,,,,,,,,,,,,,,,,,,,,,,,,,,,,,,,,,,,,,,,,,,,,,607.90,,,,

12.0,206.00,216.00,5200.00,,76.00,149.00,200.00,7500.00,65.00,2697.00,146.00,852.17,,11.00,20.00,30.00,50.00,60.00,100.00,60.00,100.00,200.00,19.00,56.00,59.00,60.00,500.00,6.20,250.00,9.00,145.10,280.70,389.60,375.20,498.60,498.60,846.50,1153.00,1740.00,2041.00,,171.44,63.00,100.00,14.90,232.00,235.00,315.00,372.00,638.50,17.80,22.70,52.00,90.00,92.00,161.30,600.00,2000.00,29.50,693.09,55.00,76.00,76.80,269.30,300.00,465.15,554.60,710.00,750.00,780.00,,,1549.43,1900.00,2100.00,1980.00,2100.00,2200.00,2237.00,3034.00,3200.00,3200.00,4180.00,2500.00,3000.00,3110.00,4000.00,5750.00,4120.00,2200.00,3457.70,3500.00,851.00,1465.00,2412.00,2530.63,2500.00,2044.00,2047.00,2993.00,2015.00,2047.50,2530.63,2519.64,2997.00,779.90,835.90,1845.00,1867.50,1992.00,1999.00,2492.00,2499.00,4429.00,4639.00,3290.00,4742.00,1700.00,1460.00,1436.00,1620.00,2458.40,2516.00,2530.00,2661.00,2766.00,3220.90,3421.00,60.00,94.00,630.00,2338.20,2500.00,2500.00,2500.00,5.02,19.80,,14.50,718.00,735.00,1691.00,250.00,800.00,850.00,1000.00,1420.00,800.00,850.00,1000.00,1500.00,1638.00,1775.00,1000.00,1484.00,950.00,1000.00,1500.00,1982.00,2000.00,2500.00,2754.00,2000.00,2500.00,11.00,206.80,,4800.00,540.00,640.20,727.37,785.00,827.00,1426.00,1507.00,1494.00,1637.00,170.00,186.00,210.00,533.58,668.00,1016.00,1056.00,1412.00,1500.00,1984.00,2208.00,2389.00,3067.00,2498.00,3000.00,2400.00,3540.00,3000.00,3300.00,3600.00,147.00,199.00,299.00,59.90,94.70,148.00,174.00,635.00,886.00,556.56,2.39,2500.00,2695.00,2700.00,1825.90,2000.00,1500.00,2000.00,1500.00,2000.00,2000.00,2500.00,2000.00,2500.00,3000.00,2000.00,2500.00,2500.00,3000.00,2200.00,2500.00,2500.00,2500.00,3000.00,3200.00,3200.00,3400.00,3400.00,2000.00,2300.00,3150.00,3187.00,3298.00,3297.00,3567.00,3593.00,218.00,1411.80,1426.00,1501.22,291.00,950.00,1000.00,950.00,1000.00,1127.00,1152.00,2100.00,41.00,82.33,405.00,73.00,100.00,9.00,343.00,600.00,750.00,1468.30,1491.20,2472.10,2494.00,2500.00,3000.00,1.13,929.00,200.00,200.00,275.00,275.00,208.00,216.00,440.00,510.00,514.00,600.00,783.60,1242.90,1473.80,1748.00,1993.30,2005.00,1800.00,3065.00,3067.00,3266.00,3436.00,3297.00,3448.00,3000.00,3300.00,3450.00,3450.00,7800.00,2015.00,2047.50,2530.63,2498.00,2997.00,3400.00,3200.00,3000.00,3000.00,4497.00,4800.00,4542.00,4422.00,5193.00,7290.00,5500.00,5999.00,8902.00,2500.00,658.20,,167.00,184.00,500.00,635.00,825.00,158.00,485.00,340.00,200.00,,7.70,991.00,1018.90,1012.97

12.01,,,,,,,,,,,,,,,,,,,,,,,,,,,,,,,,,,,,,,,,,,,,,,,,,,,,,,,,,,,,,,,,,,,,,,,,,,,,,,,,,,,,,,,,,,,,,,,,,,,,,,,,,,,,,,,,,,,,,,,,,,,,,,,,,,,,,,,,,,44.00,,,,,,,,,,,,,,,,,,,,,,,,,,,,,,,,,,,,,,,,,,,,,,,,,,,,,,,,,,,,,,,,,,,,,,,,,,,,,,,,,,,,,,,,,,,,,,,,,,,,,,,,,,,,,,,,,,,,,,,,,,,,,,,,,,,,,,,,,,,,,,,,,,,,,,,,,,,,,,,,,,,,,,,,,,,,,,,,,,,,,,,,,,,,,,,,,,,,,

12.1,,,,,,,,,,,,,,,,,,,,,,,,,,,,,,,,,,,,,,,,,,,,,,,,,,,,,,,,,,,,,,,,,,,,,,,,,,,,,,,,,,,,,,,,,,,,,,,,,,,,,,,,,,,,,,,,,,,,,,,,,,,,,,,,,,,,,,,,,,,,,,,,,,,,,,,,,,,,,,,,,,,,,,,237.00,,,,,,,,,,,,,,,,,,,,,,,,,,,,,,,,,,,,,,,,,,,,,,,,,,,,,,,,,,,,,,,,,,,,,,,,,,,,,,,,,,,,,,,,,,,,,,,,,,,,,,,,,,,,,,,,,,,,,,,,,,,,,,,,,,,,,,,,,,,,,,,,,,,,,,,,,,,,,,,,,,,,,,,,

12.46,,,,,,,,,,,,,,,,,,,,,,,,,,,,,,,,,,,,,,,,,,,,,,,,,,,,,,,,,,,,,,,,,,,,,,,995.10,1417.90,,,,,,,,,,,,,,,,,,,,,,,,,,,,,,,,,,,,,,,,,,,,,,,,,,,,,,,,,,,,,,,,,,,,,,,,,,,,,,,,,,,,,,,,,,,,,,,,,,,,,,,,,,,,,,,,,,,,,,,,,,,,,,,,,,,,,,,,,,,,,,,,,,,,,,,,,,,,,,,,,,,,,,,,,,,,,,,,,,,,,,,,,,,,,,,,,,,,,,,,,,,,,,,,,,,,,,,,,,,,,,,,,,,,,,,,,,,,,,,,,,,,,,,,,,,,,,,,,,,,,,,

12.48,,,,,,,,,,,,,1144.73,,,,,,,,,,,,,,,,,,,,,,,,,,,,,,,,,,,,,,,,,,,,,,,,,,,,,,,,,,,,1648.14,,,,,,,,,,,,,,,,,,,,,,,,,,,,,,,,,,,,,,,,,,,,,,,,,,,,,,,,,,,,,,,,,,,,,,,,,,,,,,,,,,,,,,,,,,,,,,,,,,,,,,,,,,,,,,,,,,,,,,,,,,,,,,,,,,,,,,,,,,,,,,,,,,,,,,,,,,,,,,,,,,,,,,,,,,,,,,,,,,,,,,,,,,,,,,,,,,,,,,,,,,,,,,,,,,,,,,,,,,,,,,,,,,,,,,,,,,,,,,,,,,,,,,,,,,,,,,,,,,,,,,

12.5,,,,228.00,,,,,,,,898.39,,,,,,,,,,,,,,,,,,9.26,,289.31,409.53,,524.43,524.43,889.44,1198.91,1818.78,2122.91,,184.40,,,,250.00,,,,,,,,,,,,,,733.30,,,,,,483.63,604.80,,,,,,,,,,,,,,,,,,,,,,,,,,872.39,,,,,,,,,,,,,811.57,841.59,1894.57,1914.56,,,,,,,,,,1477.00,1463.00,1620.00,2496.20,2530.00,2530.00,2730.00,2780.00,3230.00,3427.00,,,,,,,,,20.00,46.00,,730.00,740.74,1785.96,250.00,,,,,,,,,,,,,,,,,,,,,,11.00,,257.00,,591.50,680.50,761.19,822.04,882.50,1439.04,1560.74,1500.00,1643.00,,,217.00,562.37,709.22,1072.35,1114.43,1457.91,1500.00,2130.09,2256.00,2459.00,3182.00,2500.00,3000.00,2400.00,3588.00,3000.00,3300.00,3600.00,,,,,,150.61,183.91,676.22,,582.93,,,,,1919.90,2000.00,1500.00,2000.00,1500.00,2000.00,2000.00,2500.00,2000.00,2500.00,3000.00,2000.00,2500.00,2500.00,3000.00,2200.00,2500.00,2500.00,2500.00,,,,,,,,,,,,,,,1466.70,,1517.68,311.87,976.09,1000.00,950.00,1000.00,1164.04,1198.43,2100.00,,84.73,,,,,,600.00,,1491.80,1500.00,2492.00,,,3000.00,,,200.00,200.00,275.00,275.00,213.22,219.65,459.83,534.00,536.96,618.26,801.30,1347.00,1576.00,1771.48,2003.50,2021.00,,3073.00,3074.00,3291.00,3448.00,3300.00,3450.00,3000.00,3300.00,3450.00,3450.00,,,,,,,,,,,,,,,,,,,,,705.30,,,,,,835.00,,493.00,371.00,,,,,,

12.52,,,,,,,,,,,,,,,,,,,,,,,,,,,,,,,,,,,,,,,,,,,,,,,,,,,,,,,,,,,,,,,,,,,,,,,,,,,,,,,,,,,,,,,,,,,,,,,,,,,,,,,,,,,,,,,,,,,,,,,,,,,,,,,,,,,,,,,,,,,,,,,,,,,,,,,,,,,,,,,,,,,,,,,,,,,,,,,,,,,,,,,,,,,,,,,,,,,,,,,,,,,,,,,,,,,,,,,,,,,,,,,,,,,,,,,,,,,,,,,,,,,,,,,,,,,,,,,,,,,,,,,,,,,,,,,,,,,,,,,,,,,,,,,,,,,,,,,,,,,,,,,,,,,,,,,,,,,,,,,,,,,,,,,,,,,603.70,,,,

12.98,,,,,,,,,,,,,,,,,,,,,,,,,,,,,,,,,,,,,,,,,,,,,,,,,,,,,,,,,,,,,,,,,,,,,,,,,1729.38,,,,,,,,,,,,,,,,,,,,,,,,,,,,,,,,,,,,,,,,,,,,,,,,,,,,,,,,,,,,,,,,,,,,,,,,,,,,,,,,,,,,,,,,,,,,,,,,,,,,,,,,,,,,,,,,,,,,,,,,,,,,,,,,,,,,,,,,,,,,,,,,,,,,,,,,,,,,,,,,,,,,,,,,,,,,,,,,,,,,,,,,,,,,,,,,,,,,,,,,,,,,,,,,,,,,,,,,,,,,,,,,,,,,,,,,,,,,,,,,,,,,,,,,,,,,,,,,,,,,,,

12.99,,,,,,,,,,,,,,,,,,,,,,,,,,,,,,,,,,,,,,,,,,,,,,,,,,,,,,,,,,,,,,,,,,,,,,,1000.00,1468.80,,,,,,,,,,,,,,,,,,,,,,,,,,,,,,,,,,,,,,,,,,,,,,,,,,,,,,,,,,,,,,,,,,,,,,,,,,,,,,,,,,,,,,,,,,,,,,,,,,,,,,,,,,,,,,,,,,,,,,,,,,,,,,,,,,,,,,,,,,,,,,,,,,,,,,,,,,,,,,,,,,,,,,,,,,,,,,,,,,,,,,,,,,,,,,,,,,,,,,,,,,,,,,,,,,,,,,,,,,,,,,,,,,,,,,,,,,,,,,,,,,,,,,,,,,,,,,,,,,,,,,,

13.0,219.00,223.00,5200.00,,84.00,170.00,200.00,8000.00,68.00,2700.00,153.00,934.33,,11.00,20.00,30.00,50.00,60.00,100.00,60.00,100.00,200.00,19.00,57.00,59.00,60.00,500.00,6.20,250.00,9.50,152.00,297.20,427.80,412.90,548.10,548.10,928.80,1241.00,1891.00,2198.00,,196.28,65.50,107.00,16.60,258.00,285.00,351.00,400.00,743.20,19.50,24.80,56.00,100.00,99.00,173.40,600.00,2000.00,30.00,760.74,55.00,80.00,80.00,290.50,300.00,495.95,613.20,790.00,790.00,810.00,,,,2080.00,2250.00,2050.00,2250.00,2500.00,2300.00,3050.00,3400.00,3400.00,4450.00,2500.00,3000.00,3180.00,4150.00,6500.00,4197.00,2200.00,3500.00,3500.00,892.00,1509.00,2500.00,2535.76,2500.00,2050.00,2050.00,3000.00,2050.00,2050.00,2535.76,2528.84,3000.00,840.60,846.80,1940.00,1957.70,1998.00,2000.00,2498.00,2500.30,4495.00,4875.00,3300.00,4921.00,1700.00,1494.00,1481.00,1620.00,2503.20,2530.00,2530.00,2768.00,2780.00,3230.00,3430.00,60.00,95.00,690.00,2500.00,2500.00,2500.00,2500.00,5.02,20.00,48.00,15.50,741.00,746.00,1873.00,250.00,800.00,850.00,1000.00,1467.00,800.00,850.00,1000.00,1500.00,1650.00,1800.00,1000.00,1500.00,950.00,1000.00,1500.00,2000.00,2000.00,2500.00,2910.00,2000.00,2500.00,11.00,235.10,257.00,5000.00,636.75,712.40,792.71,856.00,932.75,1451.00,1610.00,1500.00,1648.00,176.00,206.00,224.60,583.75,747.00,1124.00,1168.00,1500.00,1500.00,2264.00,2300.00,2495.00,3256.00,2500.00,3000.00,2400.00,3600.00,3000.00,3300.00,3600.00,157.00,200.00,334.00,59.90,95.30,153.00,193.00,714.00,900.00,596.90,3.07,2500.00,2700.00,2700.00,1988.70,2000.00,1500.00,2000.00,1500.00,2000.00,2000.00,2500.00,2000.00,2500.00,3000.00,2000.00,2500.00,2500.00,3000.00,2200.00,2500.00,2500.00,2500.00,3000.00,3200.00,3200.00,3400.00,3400.00,2000.00,2300.00,3150.00,3199.00,3300.00,3300.00,3596.00,3600.00,240.00,1497.20,1500.00,1525.28,331.00,1000.00,1000.00,950.00,1000.00,1198.00,1241.00,2100.00,46.50,88.04,460.00,78.00,100.00,9.00,385.00,600.00,750.00,1495.60,1500.00,2499.40,2500.00,2500.00,3000.00,1.41,969.00,200.00,200.00,275.00,275.00,218.00,223.00,478.00,556.00,558.00,635.00,819.40,1439.35,1660.60,1793.00,2007.00,2027.00,1800.00,3075.00,3075.00,3298.00,3450.00,3300.00,3450.00,3000.00,3300.00,3450.00,3450.00,8000.00,2050.00,2050.00,2535.76,2500.00,3000.00,3500.00,3200.00,3000.00,3000.00,4500.00,4800.00,4723.00,4491.00,5200.00,7733.00,5500.00,6000.00,9000.00,2500.00,730.60,,184.00,196.00,500.00,714.00,840.00,160.20,498.00,396.00,240.00,609.60,8.00,1019.00,1020.40,1012.97

13.02,,,,,,,,,,,,,1193.04,,,,,,,,,,,,,,,,,,,,,,,,,,,,,,,,,,,,,,,,,,,,,,,,,,,,,,,,,,,,,,,,,,,,,,,,,,,,,,,,,,,,,,,,,,,,,,,,,,,,,,,,,,,,,,,,,,,,,,,,,,,,,,,,,,,,,,,,,,,,,,,,,,,,,,,,,,,,,,,,,,,,,,,,,,,,,,,,,,,,,,,,,,,,,,,,,,,,,,,,,,,,,,,,,,,,,,,,,,,,,,,,,,,,,,,,,,,,,,,,,,,,,,,,,,,,,,,,,,,,,,,,,,,,,,,,,,,,,,,,,,,,,,,,,,,,,,,,,,,,,,,,,,,,,,,,,,,,,,,,,,

13.4,,,,,,,,,,,,,,,,,,,,,,,,,,,,,,,,,,,,,,,,,,,,,,,,,,,,,,,,,,,,,,,,,,,,,,,,,,,,,,,,,,,,,,,,,,,,,,,,,,,,,,,,,,,,,,,,,,,,,,,,,,,,,,,,,,,,,,,,,,,,,,,,,,,,,,,,,,,,,,,,,,,,,,,257.00,,,,,,,,,,,,,,,,,,,,,,,,,,,,,,,,,,,,,,,,,,,,,,,,,,,,,,,,,,,,,,,,,,,,,,,,,,,,,,,,,,,,,,,,,,,,,,,,,,,,,,,,,,,,,,,,,,,,,,,,,,,,,,,,,,,,,,,,,,,,,,,,,,,,,,,,,,,,,,,,,,,,,,,,

13.43,,,,,,,,,,,,,,,,,,,,,,,,,,,,,,,,,,,,,,,,,,,,,,,,,,,,,,,,,,,,,,,,,,,,,,,,,,,,,,,,,,,,,,,,,,,,,,,,,,,,,,,,,,,,,,,,,,,,,,,,,,,,,,,,,,,,,,,,,,,,,,,,,,,,,,,,,,,,,,,,,,,,,,,,,,,,,,,,,,,,,,,,,,,,,,,,,,,,,,,,,,,,,,,,,,,,,,,,,,,,,,,,,,,,,,,,,,,,,,,,,,,,,,,,,,,,,,,,,,,,,,,,,,,,,,,,,,,,,,,,,,,,,,,,,,,,,,,,,,,,,,,,,,,,,,,,,,,,,,,,,,,,,,,,,,,617.10,,,,

13.46,,,,,,,,,,,,,1217.09,,,,,,,,,,,,,,,,,,,,,,,,,,,,,,,,,,,,,,,,,,,,,,,,,,,,,,,,,,1000.00,,,,,,,,,,,,,,,,,,,,,,,,,,,,,,,,,,,,,,,,,,,,,,,,,,,,,,,,,,,,,,,,,,,,,,,,,,,,,,,,,,,,,,,,,,,,,,,,,,,,,,,,,,,,,,,,,,,,,,,,,,,,,,,,,,,,,,,,,,,,,,,,,,,,,,,,,,,,,,,,,,,,,,,,,,,,,,,,,,,,,,,,,,,,,,,,,,,,,,,,,,,,,,,,,,,,,,,,,,,,,,,,,,,,,,,,,,,,,,,,,,,,,,,,,,,,,,,,,,,,,,,,

13.48,,,,,,,,,,,,,,,,,,,,,,,,,,,,,,,,,,,,,,,,,,,,,,,,,,,,,,,,,,,,,,,,,,,,,,,,1494.90,,,,,,,,,,,,,,,,,,,,,,,,,,,,,,,,,,,,,,,,,,,,,,,,,,,,,,,,,,,,,,,,,,,,,,,,,,,,,,,,,,,,,,,,,,,,,,,,,,,,,,,,,,,,,,,,,,,,,,,,,,,,,,,,,,,,,,,,,,,,,,,,,,,,,,,,,,,,,,,,,,,,,,,,,,,,,,,,,,,,,,,,,,,,,,,,,,,,,,,,,,,,,,,,,,,,,,,,,,,,,,,,,,,,,,,,,,,,,,,,,,,,,,,,,,,,,,,,,,,,,,,

13.49,,,,,,,,,,,,,,,,,,,,,,,,,,,,,,,,,,,,,,,,,,,,,,,,,,,,,,,,,,,,,,,,,,,,,,,,,1770.20,,,,,,,,,,,,,,,,,,,,,,,,,,,,,,,,,,,,,,,,,,,,,,,,,,,,,,,,,,,,,,,,,,,,,,,,,,,,,,,,,,,,,,,,,,,,,,,,,,,,,,,,,,,,,,,,,,,,,,,,,,,,,,,,,,,,,,,,,,,,,,,,,,,,,,,,,,,,,,,,,,,,,,,,,,,,,,,,,,,,,,,,,,,,,,,,,,,,,,,,,,,,,,,,,,,,,,,,,,,,,,,,,,,,,,,,,,,,,,,,,,,,,,,,,,,,,,,,,,,,,,

13.5,,,,247.00,,,,,,,,953.19,,,,,,,,,,,,,,,,,,9.75,,300.85,440.95,,562.70,562.70,950.70,1260.50,1926.50,2232.50,250.00,207.96,,,,260.00,,,,,,,,,,,,,,763.10,,,,,,,,,,,,,,,,,,,,,,,,,,,,,,,,,895.50,,,,,,,,,,,,,844.30,848.05,1954.00,1973.40,,,,,,,,,,1500.00,1488.00,1620.00,2500.10,2530.00,2530.00,2780.00,2780.00,3230.00,3430.00,,,,,,,,,20.00,49.00,,744.50,747.50,1916.00,250.00,,,,,,,,,,,,,,,,,,,,,,11.00,,,,678.00,735.50,819.76,879.50,963.00,1467.00,1627.50,1500.00,1649.00,,,228.80,602.36,776.00,1185.50,1209.00,1500.00,1500.00,2357.00,2300.00,2500.00,3294.00,2500.00,3000.00,2400.00,3600.00,3000.00,3300.00,3600.00,,,,,,148.50,199.00,727.00,,611.34,,,,,2000.00,2000.00,1500.00,2000.00,1500.00,2000.00,2000.00,2500.00,2000.00,2500.00,3000.00,2000.00,2500.00,2500.00,3000.00,2200.00,2500.00,2500.00,2500.00,,,,,,,,,,,,,,,1502.00,,1528.02,339.50,1000.00,1000.00,950.00,1000.00,1224.00,1245.50,2100.00,,91.11,,,,,,600.00,,1500.00,,,,,3000.00,,,200.00,200.00,275.00,275.00,221.00,224.00,485.50,569.00,570.00,643.00,831.70,1509.20,1689.20,1796.00,2007.70,2029.00,,3075.00,3075.00,3299.00,3450.00,3300.00,3450.00,3000.00,3300.00,3450.00,3450.00,,,,,,,,,,,,,,,,,,,,,754.10,,,,,,840.00,,499.00,422.00,,,,,,

13.96,,,,,,,,,,,,,1236.12,,,,,,,,,,,,,,,,,,,,,,,,,,,,,,,,,,,,,,,,,,,,,,,,,,,,,,,,,,,,,,,,,,,,,,,,,,,,,,,,,,,,,,,,,,,,,,,,,,,,,,,,,,,,,,,,,,,,,,,,,,,,,,,,,,,,,,,,,,,,,,,,,,,,,,,,,,,,,,,,,,,,,,,,,,,,,,,,,,,,,,,,,,,,,,,,,,,,,,,,,,,,,,,,,,,,,,,,,,,,,,,,,,,,,,,,,,,,,,,,,,,,,,,,,,,,,,,,,,,,,,,,,,,,,,,,,,,,,,,,,,,,,,,,,,,,,,,,,,,,,,,,,,,,,,,,,,,,,,,,,,

13.97,,,,,,,,,,,,,,,,,,,,,,,,,,,,,,,,,,,,,,,,,,,,,,,,,,,,,,,,,,,,,,,,,,,,,,,1000.00,,,,,,,,,,,,,,,,,,,,,,,,,,,,,,,,,,,,,,,,,,,,,,,,,,,,,,,,,,,,,,,,,,,50.00,,,,,,,,,,,,,,,,,,,,,,,,,,,,,,,,,,,,,,,,,,,,,,,,,,,,,,,,,,,,,,,,,,,,,,,,,,,,,,,,,,,,,,,,,,,,,,,,,,,,,,,,,,,,,,,,,,,,,,,,,,,,,,,,,,,,,,,,,,,,,,,,,,,,,,,,,,,,,,,,,,,,,,,,,,,,,,,,,,,,,,,,,,,,,,,,,,,,,

13.98,,,,,,,,,,,,,,,,,,,,,,,,,,,,,,,,,,,,,,,,,,,,,,,,,,,,,,,,,,,,,,,,,,,,,,,,1512.90,,,,,,,,,,,,,,,,,,,,,,,,,,,,,,,,,,,,,,,,,,,,,,,,,,,,,,,,,,,,,,,,,,,,,,,,,,,,,,,,,,,,,,,,,,,,,,,,,,,,,,,,,,,,,,,,,,,,,,,,,,,,,,,,,,,,,,,,,,,,,,,,,,,,,,,,,,,,,,,,,,,,,,,,,,,,,,,,,,,,,,,,,,,,,,,,,,,,,,,,,,,,,,,,,,,,,,,,,,,,,,,,,,,,,,,,,,,,,,,,,,,,,,,,,,,,,,,,,,,611.80,,,,

14.0,224.00,225.00,5200.00,,89.00,190.00,200.00,8000.00,62.50,2700.00,153.00,967.00,,11.00,20.00,30.00,50.00,60.00,100.00,60.00,100.00,200.00,19.00,57.00,59.00,60.00,500.00,6.20,250.00,10.00,154.50,304.50,454.10,443.10,577.30,577.30,972.60,1280.00,1962.00,2267.00,,218.74,68.00,109.50,18.50,,300.00,400.00,400.00,750.00,20.90,26.60,58.00,104.00,106.00,178.80,600.00,2000.00,28.80,764.86,55.00,80.00,80.00,300.00,300.00,500.00,,850.00,810.00,810.00,,,,2230.00,2350.00,2050.00,2350.00,2770.00,2350.00,3050.00,3465.00,3465.00,4500.00,2500.00,3000.00,3200.00,4200.00,7000.00,4200.00,2200.00,3500.00,3500.00,899.00,1519.00,2500.00,2537.85,2500.00,2050.00,2050.00,3000.00,2056.00,2050.00,2537.85,2528.85,3000.00,848.00,849.30,1968.00,1989.10,2000.00,2000.00,2500.00,2500.30,4500.00,4965.00,3299.00,4980.00,1700.00,1500.00,1494.00,1620.00,2510.70,2530.00,2530.00,2780.00,2780.00,3230.00,3430.00,60.00,95.00,720.00,2500.00,2500.00,2500.00,2500.00,5.14,0.00,,16.50,748.00,749.00,1959.00,250.00,800.00,850.00,1000.00,1488.00,800.00,850.00,1000.00,1500.00,1650.00,1800.00,1000.00,1500.00,950.00,1000.00,1500.00,2000.00,2000.00,2500.00,2970.00,2000.00,2500.00,11.00,255.70,,5000.00,711.70,751.90,842.40,903.00,986.50,1483.00,1645.00,1500.00,1650.00,180.00,233.00,234.50,618.68,805.00,1247.00,1250.00,1500.00,1500.00,2450.00,2300.00,2500.00,3300.00,2500.00,3000.00,2400.00,3600.00,3000.00,3300.00,3600.00,155.00,200.00,365.00,59.90,95.10,144.00,205.00,740.00,900.00,624.52,3.60,2500.00,2700.00,2700.00,2000.00,2000.00,1500.00,2000.00,1500.00,2000.00,2000.00,2500.00,2000.00,2500.00,3000.00,2000.00,2500.00,2500.00,3000.00,2200.00,2500.00,2500.00,2500.00,3000.00,3200.00,3200.00,3400.00,3400.00,2000.00,2300.00,3150.00,3200.00,3300.00,3300.00,3600.00,3600.00,255.00,1501.80,1500.00,1530.01,348.00,1000.00,1000.00,950.00,1000.00,1250.00,1250.00,2100.00,50.70,92.35,495.00,80.00,100.00,9.00,400.00,600.00,750.00,1500.00,1500.00,2500.00,2500.00,2500.00,3000.00,1.74,990.00,200.00,200.00,275.00,275.00,224.00,225.00,493.00,582.00,582.00,651.00,841.80,1567.00,1714.00,1799.00,2007.30,2030.00,1800.00,3075.00,3075.00,3300.00,3450.00,3300.00,3450.00,3000.00,3300.00,3450.00,3450.00,8000.00,2056.00,2050.00,2537.85,2500.00,3000.00,3500.00,3200.00,3000.00,3000.00,4500.00,4800.00,4800.00,4500.00,5200.00,7947.00,5500.00,6000.00,9000.00,2500.00,768.50,,199.00,205.00,500.00,740.00,840.00,157.90,500.00,443.00,285.00,,8.00,1019.00,1020.40,1012.97

14.01,,,,,,,,,,,,,,,,,,,,,,,,,,,,,,,,,,,,,,,,,,,,,,,,,,,,,,,,,,,,,,,,,,,,,,,,,1817.16,,,,,,,,,,,,,,,,,,,,,,,,,,,,,,,,,,,,,,,,,,,,,,,,,,,,,,,,,,,,,,,,,,,,,,,,,,,,,,,,,,,,,,,,,,,,,,,,,,,,,,,,,,,,,,,,,,,,,,,,,,,,,,,,,,,,,,,,,,,,,,,,,,,,,,,,,,,,,,,,,,,,,,,,,,,,,,,,,,,,,,,,,,,,,,,,,,,,,,,,,,,,,,,,,,,,,,,,,,,,,,,,,,,,,,,,,,,,,,,,,,,,,,,,,,,,,,,,,,,,,,

14.3,,,,,,,,,,,,,,,,,,,,,,,,,,,,,,,,,,,,,,,,,,,,,,,,,,,,,,,,,,,,,,,,,,,,,,,,,,,,,,,,,,,,,,,,,,,,,,,,,,,,,,,,,,,,,,,,,,,,,,,,,,,,,,,,,,,,,,,,,,,,,,,,,,,,,,,,,,,,,,,,,,,,,,,257.00,,,,,,,,,,,,,,,,,,,,,,,,,,,,,,,,,,,,,,,,,,,,,,,,,,,,,,,,,,,,,,,,,,,,,,,,,,,,,,,,,,,,,,,,,,,,,,,,,,,,,,,,,,,,,,,,,,,,,,,,,,,,,,,,,,,,,,,,,,,,,,,,,,,,,,,,,,,,,,,,,,,,,,,,

14.41,,,,,,,,,,,,,,,,,,,,,,,,,,,,,,,,,,,,,,,,,,,,,,,,,,,,,,,,,,,,,,,,,,,,,,,1000.00,,,,,,,,,,,,,,,,,,,,,,,,,,,,,,,,,,,,,,,,,,,,,,,,,,,,,,,,,,,,,,,,,,,,,,,,,,,,,,,,,,,,,,,,,,,,,,,,,,,,,,,,,,,,,,,,,,,,,,,,,,,,,,,,,,,,,,,,,,,,,,,,,,,,,,,,,,,,,,,,,,,,,,,,,,,,,,,,,,,,,,,,,,,,,,,,,,,,,,,,,,,,,,,,,,,,,,,,,,,,,,,,,,,,,,,,,,,,,,,,,,,,,,,,,,,,,,,,,,,,,,,,

14.47,,,,,,,,,,,,,,,,,,,,,,,,,,,,,,,,,,,,,,,,,,,,,,,,,,,,,,,,,,,,,,,,,,,,,,,,,,,,,,,,,,,,,,,,,,,,,,,,,,,,,,,,,,,,,,,,,,,,,,,,,,,,,,,,,,,,,,,,,,,,,,,,,,,,,,,,,,,,,,,,,,,,,,,,,,,,,,,,,,,,,,,,,,,,,,,,,,,,,,,,,,,,,,,,,,,,,,,,,,,,,,,,,,,,,,,,,,,,,,,,,,,,,,,,,,,,,,,,,,,,,,,,,,,,,,,,,,,,,,,,,,,,,,,,,,,,,,,,,,,,,,,,,,,,,,,,,,,,,,,,,,,,,,,,,,,619.70,,,,

14.48,,,,,,,,,,,,,,,,,,,,,,,,,,,,,,,,,,,,,,,,,,,,,,,,,,,,,,,,,,,,,,,,,,,,,,,,1534.00,,,,,,,,,,,,,,,,,,,,,,,,,,,,,,,,,,,,,,,,,,,,,,,,,,,,,,,,,,,,,,,,,,50.00,,,,,,,,,,,,,,,,,,,,,,,,,,,,,,,,,,,,,,,,,,,,,,,,,,,,,,,,,,,,,,,,,,,,,,,,,,,,,,,,,,,,,,,,,,,,,,,,,,,,,,,,,,,,,,,,,,,,,,,,,,,,,,,,,,,,,,,,,,,,,,,,,,,,,,,,,,,,,,,,,,,,,,,,,,,,,,,,,,,,,,,,,,,,,,,,,,,,,

14.5,,,,260.00,,,,,,,,980.89,1247.80,,,,,,,,,,,,,,,,,8.96,,302.00,462.34,,587.06,587.06,982.10,1287.30,1975.57,2279.52,,230.50,,,,,,,,,,,,,,,,,,759.82,,,,,,,,,,,,,,,,,,,,,,,,,,,,,,,,,899.52,,,,,,,,,,,,,848.52,849.61,1978.96,1993.53,,,,,,,,,,1500.00,1500.00,1620.00,2512.10,2530.00,2530.00,2780.00,2780.00,3230.00,3430.00,,,,,,,,,0.00,,,749.04,749.52,1974.65,250.00,,,,,,,,,,,,,,,,,,,,,,11.00,,,,726.50,767.50,863.99,917.09,992.50,1491.87,1647.61,1500.00,1650.00,,,239.00,612.68,820.78,1272.83,1271.04,1500.00,1500.00,2473.91,2300.00,2500.00,3300.00,2500.00,3000.00,2400.00,3600.00,3000.00,3300.00,3600.00,,,,,,136.70,210.22,745.22,,622.85,,,,,2000.00,2000.00,1500.00,2000.00,1500.00,2000.00,2000.00,2500.00,2000.00,2500.00,3000.00,2000.00,2500.00,2500.00,3000.00,2200.00,2500.00,2500.00,2500.00,,,,,,,,,,,,,,,1506.90,,1529.69,343.83,1000.00,1000.00,950.00,1000.00,1250.00,1250.00,2100.00,,94.32,,,,,,600.00,,,,,,,3000.00,,,200.00,200.00,275.00,275.00,224.52,225.00,495.87,588.26,588.26,654.13,849.60,1595.00,1730.00,1799.52,2007.40,2030.00,,3075.00,3075.00,3300.00,3450.00,3300.00,3450.00,3000.00,3300.00,3450.00,3450.00,,,,,,,,,,,,,,,,,,,,,774.80,,,,,,840.00,,500.00,462.00,,,,,,

14.95,,,,,,,,,,,,,,,,,,,,,,,,,,,,,,,,,,,,,,,,,,,,,,,,,,,,,,,,,,,,,,,,,,,,,,,1000.00,,,,,,,,,,,,,,,,,,,,,,,,,,,,,,,,,,,,,,,,,,,,,,,,,,,,,,,,,,,,,,,,,,,,,,,,,,,,,,,,,,,,,,,,,,,,,,,,,,,,,,,,,,,,,,,,,,,,,,,,,,,,,,,,,,,,,,,,,,,,,,,,,,,,,,,,,,,,,,,,,,,,,,,,,,,,,,,,,,,,,,,,,,,,,,,,,,,,,,,,,,,,,,,,,,,,,,,,,,,,,,,,,,,,,,,,,,,,,,,,,,,,,,,,,,,,,,,,,,,,,,,,

14.96,,,,,,,,,,,,,,,,,,,,,,,,,,,,,,,,,,,,,,,,,,,,,,,,,,,,,,,,,,,,,,,,,,,,,,,,,1847.38,,,,,,,,,,,,,,,,,,,,,,,,,,,,,,,,,,,,,,,,,,,,,,,,,,,,,,,,,,,,,,,,,,,,,,,,,,,,,,,,,,,,,,,,,,,,,,,,,,,,,,,,,,,,,,,,,,,,,,,,,,,,,,,,,,,,,,,,,,,,,,,,,,,,,,,,,,,,,,,,,,,,,,,,,,,,,,,,,,,,,,,,,,,,,,,,,,,,,,,,,,,,,,,,,,,,,,,,,,,,,,,,,,,,,,,,,,,,,,,,,,,,,,,,,,,,,,,,,,,,,,

14.99,,,,,,,,,,,,,1268.55,,,,,,,,,,,,,,,,,,,,,,,,,,,,,,,,,,,,,,,,,,,,,,,,,,,,,,,,,,,,,,,,,,,,,,,,,,,,,,,,,,,,,,,,,,,,,,,,,,,,,,,,,,,,,,,,,,,,,,,,,,,,,,,,,,,,,,,,,,,,,,,,,,,,,,,,,,,,,,,,,,,,,,,,,,,,,,,,,,,,,,,,,,,,,,,,,,,,,,,,,,,,,,,,,,,,,,,,,,,,,,,,,,,,,,,,,,,,,,,,,,,,,,,,,,,,,,,,,,,,,,,,,,,,,,,,,,,,,,,,,,,,,,,,,,,,,,,,,,,,,,,,,,,,,,,,,,,,,,,,,,

15.0,225.00,225.00,5200.00,,92.50,207.00,200.00,8000.00,57.50,2700.00,148.00,985.82,,11.00,20.00,30.00,50.00,60.00,100.00,60.00,100.00,200.00,18.00,57.00,59.00,60.00,500.00,,250.00,8.00,151.50,299.70,469.90,457.80,596.00,596.00,990.80,1294.00,1988.00,2291.00,,241.28,70.00,111.00,18.50,,300.00,400.00,400.00,750.00,21.70,27.80,60.00,108.00,112.00,180.20,600.00,2000.00,28.00,759.88,55.00,80.00,80.00,300.00,300.00,500.00,,880.00,810.00,810.00,,,,2300.00,2350.00,2050.00,2350.00,2910.00,2350.00,3050.00,3500.00,3500.00,4500.00,2500.00,3000.00,3200.00,4200.00,7350.00,4200.00,2200.00,3500.00,3500.00,900.00,1527.00,2500.00,2535.39,2500.00,2050.00,2050.00,3000.00,2056.00,2050.00,2535.39,2528.90,3000.00,849.00,849.90,1989.00,1997.60,2000.00,2000.00,2500.00,2500.30,4500.00,5000.00,3299.00,4996.00,1700.00,1500.00,1500.00,1620.00,2512.10,2530.00,2530.00,2780.00,2780.00,3230.00,3430.00,60.00,94.00,750.00,2500.00,2500.00,2500.00,2500.00,5.11,0.00,51.00,17.25,750.00,750.00,1989.00,250.00,800.00,850.00,1000.00,1500.00,800.00,850.00,1000.00,1500.00,1650.00,1800.00,1000.00,1500.00,950.00,1000.00,1500.00,2000.00,2000.00,2500.00,3000.00,2000.00,2500.00,11.00,266.70,,5000.00,740.07,774.60,878.92,930.00,998.00,1500.00,1650.00,1500.00,1650.00,175.00,246.00,240.80,619.49,838.00,1301.00,1294.00,1500.00,1500.00,2500.00,2300.00,2500.00,3300.00,2500.00,3000.00,2400.00,3600.00,3000.00,3300.00,3600.00,149.00,200.00,389.00,59.90,94.20,130.00,215.00,750.00,900.00,641.83,3.60,2500.00,2700.00,2700.00,2000.00,2000.00,1500.00,2000.00,1500.00,2000.00,2000.00,2500.00,2000.00,2500.00,3000.00,2000.00,2500.00,2500.00,3000.00,2200.00,2500.00,2500.00,2500.00,3000.00,3200.00,3200.00,3400.00,3400.00,2000.00,2300.00,3150.00,3200.00,3300.00,3300.00,3600.00,3600.00,265.00,1503.90,1500.00,1530.87,340.00,1000.00,1000.00,950.00,1000.00,1250.00,1250.00,2100.00,52.40,94.06,500.00,77.50,100.00,9.00,400.00,600.00,750.00,1500.00,1500.00,2500.00,2500.00,2500.00,3000.00,2.16,1000.00,200.00,200.00,275.00,275.00,225.00,225.00,498.50,594.00,594.00,657.00,850.40,1620.67,1744.67,1800.00,2007.00,2030.00,1800.00,3075.00,3075.00,3300.00,3450.00,3300.00,3450.00,3000.00,3300.00,3450.00,3450.00,8000.00,2056.00,2050.00,2535.39,2500.00,3000.00,3500.00,3200.00,3000.00,3000.00,4500.00,4800.00,4800.00,4500.00,5200.00,8000.00,5500.00,6000.00,9000.00,2500.00,781.20,,205.00,205.00,500.00,750.00,840.00,153.40,500.00,474.00,295.00,,8.00,1019.00,1020.40,1012.97

15.02,,,,,,,,,,,,,,,,,,,,,,,,,,,,,,,,,,,,,,,,,,,,,,,,,,,,,,,,,,,,,,,,,,,,,,,,1539.90,,,,,,,,,,,,,,,,,,,,,,,,,,,,,,,,,,,,,,,,,,,,,,,,,,,,,,,,,,,,,,,,,,,,,,,,,,,,,,,,,,,,,,,,,,,,,,,,,,,,,,,,,,,,,,,,,,,,,,,,,,,,,,,,,,,,,,,,,,,,,,,,,,,,,,,,,,,,,,,,,,,,,,,,,,,,,,,,,,,,,,,,,,,,,,,,,,,,,,,,,,,,,,,,,,,,,,,,,,,,,,,,,,,,,,,,,,,,,,,,,,,,,,,,,,,,,,,,,,,,,,,

15.2,,,,,,,,,,,,,,,,,,,,,,,,,,,,,,,,,,,,,,,,,,,,,,,,,,,,,,,,,,,,,,,,,,,,,,,,,,,,,,,,,,,,,,,,,,,,,,,,,,,,,,,,,,,,,,,,,,,,,,,,,,,,,,,,,,,,,,,,,,,,,,,,,,,,,,,,,,,,,,,,,,,,,,,257.00,,,,,,,,,,,,,,,,,,,,,,,,,,,,,,,,,,,,,,,,,,,,,,,,,,,,,,,,,,,,,,,,,,,,,,,,,,,,,,,,,,,,,,,,,,,,,,,,,,,,,,,,,,,,,,,,,,,,,,,,,,,,,,,,,,,,,,,,,,,,,,,,,,,,,,,,,,,,,,,,,,,,627.80,,,,

15.44,,,,,,,,,,,,,1280.35,,,,,,,,,,,,,,,,,,,,,,,,,,,,,,,,,,,,,,,,,,,,,,,,,,,,,,,,,,,,,,,,,,,,,,,,,,,,,,,,,,,,,,,,,,,,,,,,,,,,,,,,,,,,,,,,,,,,,,,,,,,,,,,,,,,,,,,,,,,,,,,,,,,,,,,,,,,,,,,,,,,,,,,,,,,,,,,,,,,,,,,,,,,,,,,,,,,,,,,,,,,,,,,,,,,,,,,,,,,,,,,,,,,,,,,,,,,,,,,,,,,,,,,,,,,,,,,,,,,,,,,,,,,,,,,,,,,,,,,,,,,,,,,,,,,,,,,,,,,,,,,,,,,,,,,,,,,,,,,,,,

15.48,,,,,,,,,,,,,,,,,,,,,,,,,,,,,,,,,,,,,,,,,,,,,,,,,,,,,,,,,,,,,,,,,,,,,,,,,,,,,,,,,,,,,,,,,,,,,,,,,,,,,,,,,,,,,,,,,,,,,,,,,,,,,,,,,,,,,,,,,,51.00,,,,,,,,,,,,,,,,,,,,,,,,,,,,,,,,,,,,,,,,,,,,,,,,,,,,,,,,,,,,,,,,,,,,,,,,,,,,,,,,,,,,,,,,,,,,,,,,,,,,,,,,,,,,,,,,,,,,,,,,,,,,,,,,,,,,,,,,,,,,,,,,,,,,,,,,,,,,,,,,,,,,,,,,,,,,,,,,,,,,,,,,,,,,,,,,,,,,,

15.49,,,,,,,,,,,,,,,,,,,,,,,,,,,,,,,,,,,,,,,,,,,,,,,,,,,,,,,,,,,,,,,,,,,,,,,1000.00,,1864.44,,,,,,,,,,,,,,,,,,,,,,,,,,,,,,,,,,,,,,,,,,,,,,,,,,,,,,,,,,,,,,,,,,,,,,,,,,,,,,,,,,,,,,,,,,,,,,,,,,,,,,,,,,,,,,,,,,,,,,,,,,,,,,,,,,,,,,,,,,,,,,,,,,,,,,,,,,,,,,,,,,,,,,,,,,,,,,,,,,,,,,,,,,,,,,,,,,,,,,,,,,,,,,,,,,,,,,,,,,,,,,,,,,,,,,,,,,,,,,,,,,,,,,,,,,,,,,,,,,,,,,

15.5,,,,267.00,,,,,,,,998.34,,,,,,,,,,,,,,,,,,7.00,,290.50,476.35,,603.00,602.95,994.00,1296.00,1992.00,2294.50,275.00,252.06,,,,,,,,,,,,,,,,,,765.45,,,,,,,,,,,,,,,,,,,,,,,,,,,,,,,,,900.00,,,,,,,,,,,,,849.50,849.95,1991.50,1998.60,,,,,,,,,,1500.00,1500.00,1620.00,2511.90,2530.00,2530.00,2780.00,2780.00,3230.00,3430.00,,,,,,,,,0.00,,,750.00,750.00,1993.00,250.00,,,,,,,,,,,,,,,,,,,,,,11.00,,,,746.75,774.20,884.29,937.50,1003.50,1500.00,1650.00,1500.00,1650.00,,,,616.68,840.00,1322.50,1297.00,1500.00,1500.00,2500.00,2300.00,2500.00,3300.00,2500.00,3000.00,2400.00,3600.00,3000.00,3300.00,3600.00,,,,,,125.00,218.00,750.00,,623.05,,,,,2000.00,2000.00,1500.00,2000.00,1500.00,2000.00,2000.00,2500.00,2000.00,2500.00,3000.00,2000.00,2500.00,2500.00,3000.00,2200.00,2500.00,2500.00,2500.00,,,,,,,,,,,,,,,1502.40,,1529.44,331.00,1000.00,1000.00,950.00,1000.00,1250.00,1250.00,2100.00,,93.92,,,,,,600.00,,,,,,,3000.00,,,200.00,200.00,275.00,275.00,225.00,225.00,499.10,596.00,596.00,658.00,851.50,1633.50,1750.00,1800.00,2006.80,2030.00,,3075.00,3075.00,3300.00,3450.00,3300.00,3450.00,3000.00,3300.00,3450.00,3450.00,,,,,,,,,,,,,,,,,,,,,781.50,,,,,,,,500.00,485.00,,,,,,

15.51,,,,,,,,,,,,,,,,,,,,,,,,,,,,,,,,,,,,,,,,,,,,,,,,,,,,,,,,,,,,,,,,,,,,,,,,1541.00,,,,,,,,,,,,,,,,,,,,,,,,,,,,,,,,,,,,,,,,,,,,,,,,,,,,,,,,,,,,,,,,,,,,,,,,,,,,,,,,,,,,,,,,,,,,,,,,,,,,,,,,,,,,,,,,,,,,,,,,,,,,,,,,,,,,,,,,,,,,,,,,,,,,,,,,,,,,,,,,,,,,,,,,,,,,,,,,,,,,,,,,,,,,,,,,,,,,,,,,,,,,,,,,,,,,,,,,,,,,,,,,,,,,,,,,,,,,,,,,,,,,,,,,,,,,,,,,,,,,,,,

15.88,,,,,,,,,,,,,,,,,,,,,,,,,,,,,,,,,,,,,,,,,,,,,,,,,,,,,,,,,,,,,,,,,,,,,,,1000.00,,,,,,,,,,,,,,,,,,,,,,,,,,,,,,,,,,,,,,,,,,,,,,,,,,,,,,,,,,,,,,,,,,,,,,,,,,,,,,,,,,,,,,,,,,,,,,,,,,,,,,,,,,,,,,,,,,,,,,,,,,,,,,,,,,,,,,,,,,,,,,,,,,,,,,,,,,,,,,,,,,,,,,,,,,,,,,,,,,,,,,,,,,,,,,,,,,,,,,,,,,,,,,,,,,,,,,,,,,,,,,,,,,,,,,,,,,,,,,,,,,,,,,,,,,,,,,,,,,,,,,,,

15.96,,,,,,,,,,,,,,,,,,,,,,,,,,,,,,,,,,,,,,,,,,,,,,,,,,,,,,,,,,,,,,,,,,,,,,,,,1865.73,,,,,,,,,,,,,,,,,,,,,,,,,,,,,,,,,,,,,,,,,,,,,,,,,,,,,,,,,,,,,,,,,,,,,,,,,,,,,,,,,,,,,,,,,,,,,,,,,,,,,,,,,,,,,,,,,,,,,,,,,,,,,,,,,,,,,,,,,,,,,,,,,,,,,,,,,,,,,,,,,,,,,,,,,,,,,,,,,,,,,,,,,,,,,,,,,,,,,,,,,,,,,,,,,,,,,,,,,,,,,,,,,,,,,,,,,,,,,,,,,,,,,,,,,,,,,,,,,,,,,,

15.98,,,,,,,,,,,,,,,,,,,,,,,,,,,,,,,,,,,,,,,,,,,,,,,,,,,,,,,,,,,,,,,,,,,,,,,,1540.80,,,,,,,,,,,,,,,,,,,,,,,,,,,,,,,,,,,,,,,,,,,,,,,,,,,,,,,,,,,,,,,,,,,,,,,,,,,,,,,,,,,,,,,,,,,,,,,,,,,,,,,,,,,,,,,,,,,,,,,,,,,,,,,,,,,,,,,,,,,,,,,,,,,,,,,,,,,,,,,,,,,,,,,,,,,,,,,,,,,,,,,,,,,,,,,,,,,,,,,,,,,,,,,,,,,,,,,,,,,,,,,,,,,,,,,,,,,,,,,,,,,,,,,,,,,,,,,,,,,,,,,

16.0,225.00,225.00,5200.00,,94.50,210.00,200.00,8000.00,56.00,2700.00,139.00,1002.32,,11.00,20.00,30.00,50.00,60.00,100.00,60.00,100.00,200.00,18.00,57.00,59.00,60.00,500.00,,250.00,6.00,148.50,281.30,482.80,449.40,610.00,609.90,997.20,1298.00,1996.00,2298.00,,258.20,73.00,112.00,18.50,,300.00,400.00,400.00,750.00,22.20,28.70,60.00,109.00,112.00,176.50,600.00,2000.00,27.70,778.65,55.00,80.00,80.00,300.00,300.00,500.00,,905.00,810.00,810.00,,1541.00,,2310.00,2350.00,2050.00,2350.00,3000.00,2350.00,3050.00,3500.00,3500.00,4500.00,2500.00,3000.00,3200.00,4200.00,7500.00,4200.00,2200.00,3500.00,3500.00,900.00,1524.00,2500.00,2536.29,2500.00,2050.00,2050.00,3000.00,2050.00,2050.00,2536.29,2528.77,3000.00,850.00,850.00,1994.00,1999.60,2000.00,2000.00,2500.00,2500.30,4500.00,5000.00,3299.00,4999.00,1700.00,1500.00,1500.00,1620.00,2511.20,2530.00,2530.00,2780.00,2780.00,3230.00,3430.00,60.00,92.00,780.00,2500.00,2500.00,2500.00,2500.00,,0.00,51.20,17.50,750.00,750.00,1997.00,250.00,800.00,850.00,1000.00,1500.00,800.00,850.00,1000.00,1500.00,1650.00,1800.00,1000.00,1500.00,950.00,1000.00,1500.00,2000.00,2000.00,2500.00,3000.00,2000.00,2500.00,11.00,267.90,,5000.00,749.50,769.20,891.18,945.00,1009.00,1500.00,1650.00,1500.00,1650.00,172.00,250.00,,617.12,842.00,1344.00,1300.00,1500.00,1500.00,2500.00,2300.00,2500.00,3300.00,2500.00,3000.00,2400.00,3600.00,3000.00,3300.00,3600.00,149.00,200.00,401.90,57.50,92.90,120.00,221.00,750.00,900.00,626.88,3.60,2500.00,2700.00,2700.00,2000.00,2000.00,1500.00,2000.00,1500.00,2000.00,2000.00,2500.00,2000.00,2500.00,3000.00,2000.00,2500.00,2500.00,3000.00,2200.00,2500.00,2500.00,2500.00,3000.00,3200.00,3200.00,3400.00,3400.00,2000.00,2300.00,3150.00,3200.00,3300.00,3300.00,3600.00,3600.00,266.00,1502.10,1500.00,1529.57,322.00,1000.00,1000.00,950.00,1000.00,1250.00,1250.00,2100.00,51.80,94.28,495.00,75.00,100.00,9.00,400.00,600.00,750.00,1500.00,1500.00,2500.00,2500.00,2500.00,3000.00,2.62,1000.00,200.00,200.00,275.00,275.00,225.00,225.00,499.70,598.00,598.00,659.00,851.90,1639.00,1750.00,1800.00,2006.70,2030.00,1800.00,3075.00,3075.00,3300.00,3450.00,3300.00,3450.00,3000.00,3300.00,3450.00,3450.00,8000.00,2050.00,2050.00,2536.29,2500.00,3000.00,3500.00,3200.00,3000.00,3000.00,4500.00,4800.00,4800.00,4500.00,5200.00,8000.00,5500.00,6000.00,9000.00,2500.00,777.80,,205.00,202.00,500.00,750.00,,150.00,500.00,492.00,300.00,,7.80,1019.00,1020.40,1012.97

16.08,,,,,,,,,,,,,1287.89,,,,,,,,,,,,,,,,,,,,,,,,,,,,,,,,,,,,,,,,,,,,,,,,,,,,,,,,,,,,,,,,,,,,,,,,,,,,,,,,,,,,,,,,,,,,,,,,,,,,,,,,,,,,,,,,,,,,,,,,,,,,,,,,,,,,,,,,,,,,,,,,,,,,,,,,,,,,,,,,,,,,,,,,,,,,,,,,,,,,,,,,,,,,,,,,,,,,,,,,,,,,,,,,,,,,,,,,,,,,,,,,,,,,,,,,,,,,,,,,,,,,,,,,,,,,,,,,,,,,,,,,,,,,,,,,,,,,,,,,,,,,,,,,,,,,,,,,,,,,,,,,,,,,,,,,,,,,,,,,,,

16.1,,,,,,,,,,,,,,,,,,,,,,,,,,,,,,,,,,,,,,,,,,,,,,,,,,,,,,,,,,,,,,,,,,,,,,,,,,,,,,,,,,,,,,,,,,,,,,,,,,,,,,,,,,,,,,,,,,,,,,,,,,,,,,,,,,,,,,,,,,,,,,,,,,,,,,,,,,,,,,,,,,,,,,,257.00,,,,,,,,,,,,,,,,,,,,,,,,,,,,,,,,,,,,,,,,,,,,,,,,,,,,,,,,,,,,,,,,,,,,,,,,,,,,,,,,,,,,,,,,,,,,,,,,,,,,,,,,,,,,,,,,,,,,,,,,,,,,,,,,,,,,,,,,,,,,,,,,,,,,,,,,,,,,,,,,,,,,,,,,

16.49,,,,,,,,,,,,,,,,,,,,,,,,,,,,,,,,,,,,,,,,,,,,,,,,,,,,,,,,,,,,,,,,,,,,,,,1000.00,,,,,,,,,,,,,,,,,,,,,,,,,,,,,,,,,,,,,,,,,,,,,,,,,,,,,,,,,,,,,,,,,,,,,,,,,,,,,,,,,,,,,,,,,,,,,,,,,,,,,,,,,,,,,,,,,,,,,,,,,,,,,,,,,,,,,,,,,,,,,,,,,,,,,,,,,,,,,,,,,,,,,,,,,,,,,,,,,,,,,,,,,,,,,,,,,,,,,,,,,,,,,,,,,,,,,,,,,,,,,,,,,,,,,,,,,,,,,,,,,,,,,,,,,,,,,,,,,,,,,,,,

16.5,,,,272.00,,,,,,,,1004.43,,,,,,,,,,,,,,,,,,4.35,,276.30,483.40,,608.45,608.35,998.20,1299.00,1997.50,2299.00,,262.60,,,,,,,,,,,,,,,,,,783.65,,,,,,,,,,,,1541.60,1866.64,,,,,,,,,,,,,,,,,,,,900.00,,,,,,,,,,,,,850.00,850.00,1997.00,1999.75,,,,,,,,,,1500.00,1500.00,1620.00,2510.20,2530.00,2530.00,2780.00,2780.00,3230.00,3430.00,,,,,,,,,0.00,,,750.00,750.00,1998.00,250.00,,,,,,,,,,,,,,,,,,,,,,11.00,,,,747.75,761.10,890.99,947.50,1005.50,1500.00,1650.00,825.00,1650.00,,,,599.10,841.00,1354.00,1293.50,1500.00,1500.00,2500.00,2300.00,2500.00,3300.00,2500.00,3000.00,2400.00,3600.00,3000.00,3300.00,3600.00,,,,,,116.00,222.00,750.00,,620.59,,,,,2000.00,2000.00,1500.00,2000.00,1500.00,2000.00,2000.00,2500.00,2000.00,2500.00,3000.00,2000.00,2500.00,2500.00,3000.00,2200.00,2500.00,2500.00,2500.00,,,,,,,,,,,,,,,1502.60,,1528.51,313.00,1000.00,1000.00,950.00,1000.00,1250.00,1250.00,2100.00,,94.24,,,,,,600.00,,,,,,,3000.00,,,200.00,200.00,275.00,275.00,225.00,225.00,499.85,599.00,599.00,659.50,851.90,1644.50,1750.00,1800.00,2006.50,2030.00,,3075.00,3075.00,3300.00,3450.00,3300.00,3450.00,3000.00,3300.00,3450.00,3450.00,,,,,,,,,,,,,,,,,,,,,774.40,,,,,,,,500.00,498.00,,,,,,

16.51,,,,,,,,,,,,,,,,,,,,,,,,,,,,,,,,,,,,,,,,,,,,,,,,,,,,,,,,,,,,,,,,,,,,,,,,,,,,,,,,,,,,,,,,,,,,,,,,,,,,,,,,,,,,,,,,,,,,,,,,,,,,,,,,,,,,,,,,,,50.92,,,,,,,,,,,,,,,,,,,,,,,,,,,,,,,,,,,,,,,,,,,,,,,,,,,,,,,,,,,,,,,,,,,,,,,,,,,,,,,,,,,,,,,,,,,,,,,,,,,,,,,,,,,,,,,,,,,,,,,,,,,,,,,,,,,,,,,,,,,,,,,,,,,,,,,,,,,,,,,,,,,,,,,,,,,,,,,,,,,,,,,,,,,,,,,,,,,,,

16.57,,,,,,,,,,,,,1299.73,,,,,,,,,,,,,,,,,,,,,,,,,,,,,,,,,,,,,,,,,,,,,,,,,,,,,,,,,,,,,,,,,,,,,,,,,,,,,,,,,,,,,,,,,,,,,,,,,,,,,,,,,,,,,,,,,,,,,,,,,,,,,,,,,,,,,,,,,,,,,,,,,,,,,,,,,,,,,,,,,,,,,,,,,,,,,,,,,,,,,,,,,,,,,,,,,,,,,,,,,,,,,,,,,,,,,,,,,,,,,,,,,,,,,,,,,,,,,,,,,,,,,,,,,,,,,,,,,,,,,,,,,,,,,,,,,,,,,,,,,,,,,,,,,,,,,,,,,,,,,,,,,,,,,,,,,,,,,,,,,,

16.83,,,,,,,,,,,,,,,,,,,,,,,,,,,,,,,,,,,,,,,,,,,,,,,,,,,,,,,,,,,,,,,,,,,,,,,,,,,,,,,,,,,,,,,,,,,,,,,,,,,,,,,,,,,,,,,,,,,,,,,,,,,,,,,,,,,,,,,,,,49.80,,,,,,,,,,,,,,,,,,,,,,,,,,,,,,,,,,,,,,,,,,,,,,,,,,,,,,,,,,,,,,,,,,,,,,,,,,,,,,,,,,,,,,,,,,,,,,,,,,,,,,,,,,,,,,,,,,,,,,,,,,,,,,,,,,,,,,,,,,,,,,,,,,,,,,,,,,,,,,,,,,,,,,,,,,,,,,,,,,,,,,,,,,,,,,,,,,,,,

16.91,,,,,,,,,,,,,,,,,,,,,,,,,,,,,,,,,,,,,,,,,,,,,,,,,,,,,,,,,,,,,,,,,,,,,,,,,1867.27,,,,,,,,,,,,,,,,,,,,,,,,,,,,,,,,,,,,,,,,,,,,,,,,,,,,,,,,,,,,,,,,,,,,,,,,,,,,,,,,,,,,,,,,,,,,,,,,,,,,,,,,,,,,,,,,,,,,,,,,,,,,,,,,,,,,,,,,,,,,,,,,,,,,,,,,,,,,,,,,,,,,,,,,,,,,,,,,,,,,,,,,,,,,,,,,,,,,,,,,,,,,,,,,,,,,,,,,,,,,,,,,,,,,,,,,,,,,,,,,,,,,,,,,,,,,,,,,,,,,,,

16.95,,,,,,,,,,,,,,,,,,,,,,,,,,,,,,,,,,,,,,,,,,,,,,,,,,,,,,,,,,,,,,,,,,,,,,,1000.00,,,,,,,,,,,,,,,,,,,,,,,,,,,,,,,,,,,,,,,,,,,,,,,,,,,,,,,,,,,,,,,,,,,,,,,,,,,,,,,,,,,,,,,,,,,,,,,,,,,,,,,,,,,,,,,,,,,,,,,,,,,,,,,,,,,,,,,,,,,,,,,,,,,,,,,,,,,,,,,,,,,,,,,,,,,,,,,,,,,,,,,,,,,,,,,,,,,,,,,,,,,,,,,,,,,,,,,,,,,,,,,,,,,,,,,,,,,,,,,,,,,,,,,,,,,,,,,,,,,,,,,,

17.0,225.00,225.00,5200.00,,95.00,215.00,200.00,8000.00,,2700.00,130.00,1002.45,,11.00,20.00,30.00,50.00,60.00,100.00,60.00,100.00,200.00,17.00,57.00,59.00,60.00,500.00,,250.00,2.70,144.00,271.30,484.00,427.90,606.90,606.80,999.20,1300.00,1999.00,2300.00,,267.00,74.50,112.50,18.50,,300.00,400.00,400.00,750.00,22.40,29.20,60.00,110.00,111.00,170.30,600.00,2000.00,27.10,791.77,55.00,80.00,80.00,300.00,300.00,500.00,,910.00,810.00,810.00,,,,2310.00,2350.00,2050.00,2350.00,3020.00,2350.00,3050.00,3500.00,3500.00,4500.00,2500.00,3000.00,3200.00,4200.00,7580.00,4200.00,2200.00,3500.00,3500.00,900.00,1522.00,2500.00,2536.53,2500.00,2050.00,2050.00,3000.00,2050.00,2050.00,2536.53,2529.18,3000.00,850.00,850.00,2000.00,1999.90,2000.00,2000.00,2500.00,2500.30,4500.00,4984.00,3288.00,4996.00,1700.00,1500.00,1500.00,1620.00,2510.70,2530.00,2530.00,2780.00,2780.00,3230.00,3430.00,60.00,91.00,780.00,2500.00,2500.00,2500.00,2500.00,,0.00,,18.50,750.00,750.00,1999.00,250.00,800.00,850.00,1000.00,1500.00,800.00,850.00,1000.00,1500.00,1650.00,1800.00,1000.00,1500.00,950.00,1000.00,1500.00,2000.00,2000.00,2500.00,3000.00,2000.00,2500.00,11.00,254.30,257.00,5000.00,745.00,749.70,893.65,950.00,1000.00,1500.00,1650.00,,1650.00,164.00,248.00,,590.91,840.00,1364.00,1287.00,1500.00,1500.00,2500.00,2300.00,2500.00,3300.00,2500.00,3000.00,2400.00,3600.00,3000.00,3300.00,3600.00,149.00,200.00,411.60,55.00,91.10,112.00,223.00,750.00,900.00,614.63,3.60,2500.00,2700.00,2700.00,2000.00,2000.00,1500.00,2000.00,1500.00,2000.00,2000.00,2500.00,2000.00,2500.00,3000.00,2000.00,2500.00,2500.00,3000.00,2200.00,2500.00,2500.00,2500.00,3000.00,3200.00,3200.00,3400.00,3400.00,2000.00,2300.00,3150.00,3200.00,3300.00,3300.00,3600.00,3600.00,268.00,1510.70,1500.00,,304.00,1000.00,1000.00,950.00,1000.00,1250.00,1250.00,2100.00,51.10,91.67,475.00,72.50,100.00,9.00,400.00,600.00,750.00,1500.00,1500.00,2500.00,2500.00,2500.00,3000.00,3.17,1000.00,200.00,200.00,275.00,275.00,225.00,225.00,500.00,600.00,600.00,660.00,,1650.00,1750.00,1800.00,,2030.00,1800.00,3075.00,3075.00,3300.00,3450.00,3300.00,3450.00,3000.00,3300.00,3450.00,3450.00,8000.00,2050.00,2050.00,2536.53,2500.00,3000.00,3500.00,3200.00,3000.00,3000.00,4500.00,4800.00,4800.00,4500.00,5200.00,8000.00,5500.00,6000.00,9000.00,2500.00,773.80,,200.00,200.00,500.00,750.00,,,500.00,500.00,300.00,,7.70,1019.00,1020.40,1012.97

17.02,,,,,,,,,,,,,1297.90,,,,,,,,,,,,,,,,,,,,,,,,,,,,,,,,,,,,,,,,,,,,,,,,,,,,,,,,,,,,,,,,,,,,,,,,,,,,,,,,,,,,,,,,,,,,,,,,,,,,,,,,,,,,,,,,,,,,,,,,,,,,,,,,,,,,,,,,,,,,,,,,,,,,,,,,,,,,,,,,,,,,,,,,,,,,,,,,,,,,,,,,,,,,,,,,,,,,,,,,,,,,,,,,,,,,,,,,,,,,,,,,,,,,,,,,,,,,,,,,,,,,,,,,,,,,,,,,,,,,,,,,,,,,,,,,,,,,,,,,,,,,,,,,,,,,,,,,,,,,,,,,,,,,,,,,,,,,,,,,,,

17.25,,,,,,,,,,,,,,,,,,,,,,,,,,,,,,,,,,,,,,,,,,,,,,,,,,,,,,,,,,,,,,,,,,,,,,,,,,,,,,,,,,,,,,,,,,,,,,,,,,,,,,,,,,,,,,,,,,,,,,,,,,,,,,,,,,,,,,,,,,,,,,,,,,,,,,,,,,,,,,,,,,,,,,,,,,,,,,,,,,,,,,,,,,,,,,,,,,,,,,,,,,,,,,,,,,,,,,,,,,,,,,,,,,,,,,,,,,,,,,,,,,,,,,,,,,,,,,,,,,,,,,,,,,,,,,,,,,,,,,,,,,,,,,,,,,,,,,,,,,,,,,,,,,,,,,,,,,,,,,,,,,,,,,,,,,,619.00,,,,

17.45,,,,,,,,,,,,,,,,,,,,,,,,,,,,,,,,,,,,,,,,,,,,,,,,,,,,,,,,,,,,,,,,,,,,,,,1000.00,,,,,,,,,,,,,,,,,,,,,,,,,,,,,,,,,,,,,,,,,,,,,,,,,,,,,,,,,,,,,,,,,,,,,,,,,,,,,,,,,,,,,,,,,,,,,,,,,,,,,,,,,,,,,,,,,,,,,,,,,,,,,,,,,,,,,,,,,,,,,,,,,,,,,,,,,,,,,,,,,,,,,,,,,,,,,,,,,,,,,,,,,,,,,,,,,,,,,,,,,,,,,,,,,,,,,,,,,,,,,,,,,,,,,,,,,,,,,,,,,,,,,,,,,,,,,,,,,,,,,,,,

17.48,,,,,,,,,,,,,1297.96,,,,,,,,,,,,,,,,,,,,,,,,,,,,,,,,,,,,,,,,,,,,,,,,,,,,,,,,,,,1541.30,,,,,,,,,,,,,,,,,,,,,,,,,,,,,,,,,,,,,,,,,,,,,,,,,,,,,,,,,,,,,,,,,,,,,,,,,,,,,,,,,,,,,,,,,,,,,,,,,,,,,,,,,,,,,,,,,,,,,,,,,,,,,,,,,,,,,,,,,,,,,,,,,,,,,,,,,,,,,,,,,,,,,,,,,,,,,,,,,,,,,,,,,,,,,,,,,,,,,,,,,,,,,,,,,,,,,,,,,,,,,,,,,,,,,,,,,,,,,,,,,,,,,,,,,,,,,,,,,,,,,,,

17.5,,,,275.00,,,,,,,,1001.50,,,,,,,,,,,,,,,,,,2.84,,265.66,473.91,,600.44,600.34,999.49,1300.00,1999.48,2300.00,275.00,271.40,,,,,,,,,,,,,,,,,,808.85,,,,,,,,,,,,,,,,,,,,,,,,,,,,,,,,,900.00,,,,,,,,,,,,,850.00,850.00,2000.00,1999.95,,,,,,,,,,1500.00,1500.00,1620.00,2511.10,2530.00,2530.00,2780.00,2780.00,3230.00,3430.00,,,,,,,,,0.00,,,750.00,750.00,1999.48,250.00,,,,,,,,,,,,,,,,,,,,,,11.00,,257.00,,736.75,735.10,908.37,946.17,991.75,1500.00,1650.00,,1650.00,,,,585.28,833.22,1342.09,1273.96,1500.00,1500.00,2500.00,2300.00,2500.00,3300.00,2500.00,3000.00,2400.00,3600.00,3000.00,3300.00,3600.00,,,,,,112.00,223.48,750.00,,,,,,,2000.00,2000.00,1500.00,2000.00,1500.00,2000.00,2000.00,2500.00,2000.00,2500.00,3000.00,2000.00,2500.00,2500.00,3000.00,2200.00,2500.00,2500.00,2500.00,,,,,,,,,,,,,,,1503.00,,,297.30,1000.00,1000.00,950.00,1000.00,1250.00,1250.00,2100.00,,90.51,,,,,,600.00,,,,,,,3000.00,,,200.00,200.00,275.00,275.00,225.00,225.00,500.00,600.00,600.00,660.00,,1650.00,1750.00,1800.00,,2030.00,,3075.00,3075.00,3300.00,3450.00,3300.00,3450.00,3000.00,3300.00,3450.00,3450.00,,,,,,,,,,,,,,,,,,,,,771.50,,,,,,,,500.00,500.00,,,,,,

17.52,,,,,,,,,,,,,,,,,,,,,,,,,,,,,,,,,,,,,,,,,,,,,,,,,,,,,,,,,,,,,,,,,,,,,,,,,1865.64,,,,,,,,,,,,,,,,,,,,,,,,,,,,,,,,,,,,,,,,,,,,,,,,,,,,,,,,,,,,,,,,,,,,,,,,,,,,,,,,,,,,,,,,,,,,,,,,,,,,,,,,,,,,,,,,,,,,,,,,,,,,,,,,,,,,,,,,,,,,,,,,,,,,,,,,,,,,,,,,,,,,,,,,,,,,,,,,,,,,,,,,,,,,,,,,,,,,,,,,,,,,,,,,,,,,,,,,,,,,,,,,,,,,,,,,,,,,,,,,,,,,,,,,,,,,,,,,,,,,,,

17.9,,,,,,,,,,,,,,,,,,,,,,,,,,,,,,,,,,,,,,,,,,,,,,,,,,,,,,,,,,,,,,,,,,,,,,,,,,,,,,,,,,,,,,,,,,,,,,,,,,,,,,,,,,,,,,,,,,,,,,,,,,,,,,,,,,,,,,,,,,,,,,,,,,,,,,,,,,,,,,,,,,,,,,,257.00,,,,,,,,,,,,,,,,,,,,,,,,,,,,,,,,,,,,,,,,,,,,,,,,,,,,,,,,,,,,,,,,,,,,,,,,,,,,,,,,,,,,,,,,,,,,,,,,,,,,,,,,,,,,,,,,,,,,,,,,,,,,,,,,,,,,,,,,,,,,,,,,,,,,,,,,,,,,,,,,,,,,,,,,

17.94,,,,,,,,,,,,,1303.63,,,,,,,,,,,,,,,,,,,,,,,,,,,,,,,,,,,,,,,,,,,,,,,,,,,,,,,,,,,,,,,,,,,,,,,,,,,,,,,,,,,,,,,,,,,,,,,,,,,,,,,,,,,,,,,,,,,,,,,,,,,,,,,,,,,,,,,,,,,,,,,,,,,,,,,,,,,,,,,,,,,,,,,,,,,,,,,,,,,,,,,,,,,,,,,,,,,,,,,,,,,,,,,,,,,,,,,,,,,,,,,,,,,,,,,,,,,,,,,,,,,,,,,,,,,,,,,,,,,,,,,,,,,,,,,,,,,,,,,,,,,,,,,,,,,,,,,,,,,,,,,,,,,,,,,,,,,,,,,,,,

17.98,,,,,,,,,,,,,,,,,,,,,,,,,,,,,,,,,,,,,,,,,,,,,,,,,,,,,,,,,,,,,,,,,,,,,,,1000.00,1540.00,,,,,,,,,,,,,,,,,,,,,,,,,,,,,,,,,,,,,,,,,,,,,,,,,,,,,,,,,,,,,,,,,,,,,,,,,,,,,,,,,,,,,,,,,,,,,,,,,,,,,,,,,,,,,,,,,,,,,,,,,,,,,,,,,,,,,,,,,,,,,,,,,,,,,,,,,,,,,,,,,,,,,,,,,,,,,,,,,,,,,,,,,,,,,,,,,,,,,,,,,,,,,,,,,,,,,,,,,,,,,,,,,,,,,,,,,,,,,,,,,,,,,,,,,,,,,,,,,,,,,,,

18.0,225.00,225.00,5200.00,,92.50,210.00,200.00,8000.00,,2700.00,124.00,1004.01,,11.00,20.00,30.00,50.00,60.00,100.00,60.00,100.00,200.00,17.00,57.00,59.00,60.00,500.00,,249.00,3.00,138.50,259.50,462.90,403.80,593.40,593.30,999.80,1300.00,2000.00,2300.00,,275.66,76.50,112.00,18.50,,300.00,400.00,400.00,,23.00,29.70,60.00,110.00,110.00,165.00,600.00,2000.00,26.80,809.66,55.00,80.00,80.00,300.00,300.00,500.00,,910.00,810.00,810.00,,,,2310.00,2350.00,2050.00,2350.00,3020.00,2350.00,3050.00,3500.00,3500.00,4500.00,2500.00,3000.00,3200.00,4200.00,7580.00,4200.00,2200.00,3500.00,3500.00,900.00,1525.00,2500.00,2536.21,2500.00,2050.00,2050.00,3000.00,2050.00,2050.00,2536.21,2530.05,3000.00,850.00,850.00,2000.00,2000.00,2000.00,2000.00,2500.00,2500.30,4482.00,4944.00,3288.00,4979.00,1700.00,1500.00,1500.00,1620.00,2511.00,2530.00,2530.00,2780.00,2780.00,3230.00,3430.00,60.00,88.00,770.00,2500.00,2500.00,2500.00,2500.00,,0.00,,18.75,750.00,750.00,2000.00,250.00,800.00,850.00,1000.00,1500.00,800.00,850.00,1000.00,1500.00,1650.00,1800.00,1000.00,1500.00,950.00,1000.00,1500.00,2000.00,2000.00,2500.00,3000.00,2000.00,2500.00,11.00,248.90,,5000.00,727.80,715.50,918.89,942.00,981.50,1500.00,1650.00,,1650.00,155.00,245.00,,,827.00,1322.00,1262.00,1500.00,1500.00,2500.00,2300.00,2500.00,3300.00,2500.00,3000.00,2400.00,3600.00,3000.00,3300.00,3600.00,149.00,196.00,413.60,52.00,88.90,112.00,224.00,750.00,900.00,,0.00,2500.00,2700.00,2700.00,2000.00,2000.00,1500.00,2000.00,1500.00,2000.00,2000.00,2500.00,2000.00,2500.00,3000.00,2000.00,2500.00,2500.00,3000.00,2200.00,2500.00,2500.00,2500.00,3000.00,3200.00,3200.00,3400.00,3400.00,2000.00,2300.00,3150.00,3200.00,3300.00,3300.00,3600.00,3600.00,266.00,1495.60,1500.00,,290.00,1000.00,1000.00,950.00,1000.00,1250.00,1250.00,2100.00,51.10,88.50,430.00,72.00,100.00,9.00,400.00,600.00,750.00,1500.00,1500.00,2500.00,2500.00,2500.00,3000.00,3.17,1000.00,200.00,200.00,275.00,275.00,225.00,225.00,500.00,600.00,600.00,660.00,,1650.00,1750.00,1800.00,,2030.00,1800.00,3075.00,3075.00,3300.00,3450.00,3300.00,3450.00,3000.00,3300.00,3450.00,3450.00,8000.00,2050.00,2050.00,2536.21,2500.00,3000.00,3500.00,3200.00,3000.00,3000.00,4500.00,4800.00,4800.00,4500.00,5200.00,8000.00,5500.00,6000.00,9000.00,2500.00,766.80,,194.00,196.00,500.00,750.00,,,500.00,500.00,300.00,,7.60,1019.00,1020.40,1012.97

18.07,,,,,,,,,,,,,,,,,,,,,,,,,,,,,,,,,,,,,,,,,,,,,,,,,,,,,,,,,,,,,,,,,,,,,,,,,1867.29,,,,,,,,,,,,,,,,,,,,,,,,,,,,,,,,,,,,,,,,,,,,,,,,,,,,,,,,,,,,,,,,,,,,,,,,,,,,,,,,,,,,,,,,,,,,,,,,,,,,,,,,,,,,,,,,,,,,,,,,,,,,,,,,,,,,,,,,,,,,,,,,,,,,,,,,,,,,,,,,,,,,,,,,,,,,,,,,,,,,,,,,,,,,,,,,,,,,,,,,,,,,,,,,,,,,,,,,,,,,,,,,,,,,,,,,,,,,,,,,,,,,,,,,,,,,,,,,,,,,,,

18.47,,,,,,,,,,,,,,,,,,,,,,,,,,,,,,,,,,,,,,,,,,,,,,,,,,,,,,,,,,,,,,,,,,,,,,,,1539.40,,,,,,,,,,,,,,,,,,,,,,,,,,,,,,,,,,,,,,,,,,,,,,,,,,,,,,,,,,,,,,,,,,,,,,,,,,,,,,,,,,,,,,,,,,,,,,,,,,,,,,,,,,,,,,,,,,,,,,,,,,,,,,,,,,,,,,,,,,,,,,,,,,,,,,,,,,,,,,,,,,,,,,,,,,,,,,,,,,,,,,,,,,,,,,,,,,,,,,,,,,,,,,,,,,,,,,,,,,,,,,,,,,,,,,,,,,,,,,,,,,,,,,,,,,,,,,,,,,,,,,,

18.48,,,,,,,,,,,,,,,,,,,,,,,,,,,,,,,,,,,,,,,,,,,,,,,,,,,,,,,,,,,,,,,,,,,,,,,,,1865.79,,,,,,,,,,,,,,,,,,,,,,,,,,,,,,,,,,,,,,,,,,,,,,,,,,,,,,,,,,,,,,,,,,,,,,,,,,,,,,,,,,,,,,,,,,,,,,,,,,,,,,,,,,,,,,,,,,,,,,,,,,,,,,,,,,,,,,,,,,,,,,,,,,,,,,,,,,,,,,,,,,,,,,,,,,,,,,,,,,,,,,,,,,,,,,,,,,,,,,,,,,,,,,,,,,,,,,,,,,,,,,,,,,,,,,,,,,,,,,,,,,,,,,,,,,,,,,,,,,,,,,

18.5,,,,275.00,,,,,,,,1003.64,,,,,,,,,,,,,,,,,,3.00,,257.10,455.05,,582.35,582.30,999.85,1300.00,2000.00,2300.00,,278.08,,,,,,,,,,,,,,,,,,817.38,,,,,,,,,,,,,,,,,,,,,,,,,,,,,,,,,900.00,,,,,,,,,,,,,850.00,850.00,2000.00,2000.00,,,,,,,,,,1500.00,1500.00,1620.00,2514.80,2530.00,2530.00,2780.00,2780.00,3230.00,3430.00,,,,,,,,,0.00,,,750.00,750.00,2000.00,250.00,,,,,,,,,,,,,,,,,,,,,,11.00,,,,719.73,706.30,930.20,937.50,968.67,1500.00,1650.00,,1650.00,,,,,817.50,1320.50,1247.00,1500.00,1500.00,2500.00,2300.00,2500.00,3300.00,2500.00,3000.00,2400.00,3600.00,3000.00,3300.00,3600.00,,,,,,113.00,224.50,750.00,,,,,,,2000.00,2000.00,1500.00,2000.00,1500.00,2000.00,2000.00,2500.00,2000.00,2500.00,3000.00,2000.00,2500.00,2500.00,3000.00,2200.00,2500.00,2500.00,2500.00,,,,,,,,,,,,,,,1497.90,,,284.50,1000.00,1000.00,950.00,1000.00,1250.00,1250.00,2100.00,,87.32,,,,,,600.00,,,,,,,3000.00,,,200.00,200.00,275.00,275.00,225.00,225.00,500.00,600.00,600.00,660.00,,1650.00,1750.00,1800.00,,2030.00,,3075.00,3075.00,3300.00,3450.00,3300.00,3450.00,3000.00,3300.00,3450.00,3450.00,,,,,,,,,,,,,,,,,,,,,758.50,,,,,,,,500.00,500.00,,,,,,

18.68,,,,,,,,,,,,,1308.53,,,,,,,,,,,,,,,,,,,,,,,,,,,,,,,,,,,,,,,,,,,,,,,,,,,,,,,,,,,,,,,,,,,,,,,,,,,,,,,,,,,,,,,,,,,,,,,,,,,,,,,,,,,,,,,,,,,,,,,,,,,,,,,,,,,,,,,,,,,,,,,,,,,,,,,,,,,,,,,,,,,,,,,,,,,,,,,,,,,,,,,,,,,,,,,,,,,,,,,,,,,,,,,,,,,,,,,,,,,,,,,,,,,,,,,,,,,,,,,,,,,,,,,,,,,,,,,,,,,,,,,,,,,,,,,,,,,,,,,,,,,,,,,,,,,,,,,,,,,,,,,,,,,,,,,,,,,,,,,,,,

18.7,,,,,,,,,,,,,,,,,,,,,,,,,,,,,,,,,,,,,,,,,,,,,,,,,,,,,,,,,,,,,,,,,,,,,,,1000.00,,,,,,,,,,,,,,,,,,,,,,,,,,,,,,,,,,,,,,,,,,,,,,,,,,,,,,,,,,,,,,,,,,,,,,,,,,,,,,,,,,,,,,,,,,,,,,,,,,,,,,,,,,,,,,,,,,,,,,,,,,,,,,,,,,,,,,,,,,,,,,,,,,,,,,,,,,,,,,,,,,,,,,,,,,,,,,,,,,,,,,,,,,,,,,,,,,,,,,,,,,,,,,,,,,,,,,,,,,,,,,,,,,,,,,,,,,,,,,,,,,,,,,,,,,,,,,,,,,,,,,,,

18.8,,,,,,,,,,,,,,,,,,,,,,,,,,,,,,,,,,,,,,,,,,,,,,,,,,,,,,,,,,,,,,,,,,,,,,,,,,,,,,,,,,,,,,,,,,,,,,,,,,,,,,,,,,,,,,,,,,,,,,,,,,,,,,,,,,,,,,,,,,,,,,,,,,,,,,,,,,,,,,,,,,,,,,,257.00,,,,,,,,,,,,,,,,,,,,,,,,,,,,,,,,,,,,,,,,,,,,,,,,,,,,,,,,,,,,,,,,,,,,,,,,,,,,,,,,,,,,,,,,,,,,,,,,,,,,,,,,,,,,,,,,,,,,,,,,,,,,,,,,,,,,,,,,,,,,,,,,,,,,,,,,,,,,,,,,,,,,,,,,

18.85,,,,,,,,,,,,,1306.15,,,,,,,,,,,,,,,,,,,,,,,,,,,,,,,,,,,,,,,,,,,,,,,,,,,,,,,,,,,,,,,,,,,,,,,,,,,,,,,,,,,,,,,,,,,,,,,,,,,,,,,,,,,,,,,,,,,,,,,,,,,,,,,,,,,,,,,,,,,,,,,,,,,,,,,,,,,,,,,,,,,,,,,,,,,,,,,,,,,,,,,,,,,,,,,,,,,,,,,,,,,,,,,,,,,,,,,,,,,,,,,,,,,,,,,,,,,,,,,,,,,,,,,,,,,,,,,,,,,,,,,,,,,,,,,,,,,,,,,,,,,,,,,,,,,,,,,,,,,,,,,,,,,,,,,,,,,,,,,,,,

18.91,,,,,,,,,,,,,,,,,,,,,,,,,,,,,,,,,,,,,,,,,,,,,,,,,,,,,,,,,,,,,,,,,,,,,,,,,1866.32,,,,,,,,,,,,,,,,,,,,,,,,,,,,,,,,,,,,,,,,,,,,,,,,,,,,,,,,,,,,,,,,,,,,,,,,,,,,,,,,,,,,,,,,,,,,,,,,,,,,,,,,,,,,,,,,,,,,,,,,,,,,,,,,,,,,,,,,,,,,,,,,,,,,,,,,,,,,,,,,,,,,,,,,,,,,,,,,,,,,,,,,,,,,,,,,,,,,,,,,,,,,,,,,,,,,,,,,,,,,,,,,,,,,,,,,,,,,,,,,,,,,,,,,,,,,,,,,,,,,,,

18.98,,,,,,,,,,,,,,,,,,,,,,,,,,,,,,,,,,,,,,,,,,,,,,,,,,,,,,,,,,,,,,,,,,,,,,,,1539.00,,,,,,,,,,,,,,,,,,,,,,,,,,,,,,,,,,,,,,,,,,,,,,,,,,,,,,,,,,,,,,,,,,,,,,,,,,,,,,,,,,,,,,,,,,,,,,,,,,,,,,,,,,,,,,,,,,,,,,,,,,,,,,,,,,,,,,,,,,,,,,,,,,,,,,,,,,,,,,,,,,,,,,,,,,,,,,,,,,,,,,,,,,,,,,,,,,,,,,,,,,,,,,,,,,,,,,,,,,,,,,,,,,,,,,,,,,,,,,,,,,,,,,,,,,,,,,,,,,,,,,,

19.0,225.00,225.00,5200.00,,92.00,205.00,200.00,8000.00,,2700.00,120.00,1003.67,,11.00,20.00,30.00,50.00,60.00,100.00,60.00,100.00,200.00,16.00,57.00,59.00,60.00,500.00,,237.00,3.00,134.50,254.70,447.20,380.50,571.30,571.30,999.90,1300.00,2000.00,2300.00,,280.50,78.00,111.50,18.50,,300.00,400.00,400.00,,23.00,30.00,60.00,110.00,110.00,160.80,600.00,2000.00,26.30,827.90,55.00,80.00,80.00,300.00,300.00,500.00,,910.00,810.00,810.00,,,,2310.00,2350.00,2050.00,2350.00,3020.00,2350.00,3050.00,3500.00,3500.00,4500.00,2500.00,3000.00,3200.00,4200.00,7580.00,4200.00,2200.00,3500.00,3500.00,900.00,1525.00,2500.00,2535.93,2500.00,2050.00,2050.00,3000.00,2050.00,2050.00,2535.93,2530.00,3000.00,850.00,850.00,2000.00,2000.00,2000.00,2000.00,2500.00,2500.30,4408.00,4859.00,3254.00,4931.00,1700.00,1500.00,1500.00,1620.00,2514.80,2530.00,2530.00,2780.00,2780.00,3230.00,3430.00,60.00,87.00,760.00,2500.00,2500.00,2500.00,2500.00,,0.00,,19.25,750.00,750.00,2000.00,250.00,800.00,850.00,1000.00,1500.00,800.00,850.00,1000.00,1500.00,1650.00,1800.00,1000.00,1500.00,950.00,1000.00,1500.00,2000.00,2000.00,2500.00,3000.00,2000.00,2500.00,11.00,242.70,,5000.00,711.67,697.20,936.22,933.00,955.83,1500.00,1650.00,,1650.00,150.00,238.00,,,808.00,1319.00,1232.00,1500.00,1500.00,2500.00,2300.00,2500.00,3300.00,2500.00,3000.00,2400.00,3600.00,3000.00,3300.00,3600.00,149.00,190.07,409.70,49.10,87.10,114.00,225.00,750.00,900.00,605.21,0.00,2500.00,2700.00,2700.00,2000.00,2000.00,1500.00,2000.00,1500.00,2000.00,2000.00,2500.00,2000.00,2500.00,3000.00,2000.00,2500.00,2500.00,3000.00,2200.00,2500.00,2500.00,2500.00,3000.00,3200.00,3200.00,3400.00,3400.00,2000.00,2300.00,3150.00,3200.00,3300.00,3300.00,3600.00,3600.00,262.00,1494.60,1500.00,,279.00,1000.00,1000.00,950.00,1000.00,1250.00,1250.00,2100.00,52.90,88.76,410.00,71.00,100.00,9.00,400.00,600.00,750.00,1500.00,1500.00,2500.00,2500.00,2500.00,3000.00,,1000.00,200.00,200.00,275.00,275.00,225.00,225.00,500.00,600.00,600.00,660.00,,1650.00,1750.00,1800.00,,2030.00,1800.00,3075.00,3075.00,3300.00,3450.00,3300.00,3450.00,3000.00,3300.00,3450.00,3450.00,8000.00,2050.00,2050.00,2535.93,2500.00,3000.00,3500.00,3200.00,3000.00,3000.00,4500.00,4800.00,4800.00,4500.00,5200.00,8000.00,5500.00,6000.00,9000.00,2500.00,,,183.00,196.00,500.00,750.00,,,500.00,500.00,300.00,,7.50,1019.00,1020.40,1012.97

19.19,,,,,,,,,,,,,,,,,,,,,,,,,,,,,,,,,,,,,,,,,,,,,,,,,,,,,,,,,,,,,,,,,,,,,,,,,,,,,,,,,,,,,,,,,,,,,,,,,,,,,,,,,,,,,,,,,,,,,,,,,,,,,,,,,,,,,,,,,,,,,,,,,,,,,,,,,,,,,,,,,,,,,,,,,,,,,,,,,,,,,,,,,,,,,,,,,,,,,,,,,,,,,,,,,,,,,,,,,,,,,,,,,,,,,,,,,,,,,,,,,,,,,,,,,,,,,,,,,,,,,,,,,,,,,,,,,,,,,,,,,,,,,,,,,,,,,,,,,,,,,,,,,,,,,,,,,,,,,,,,,,,,,,,,,,,614.60,,,,

19.46,,,,,,,,,,,,,,,,,,,,,,,,,,,,,,,,,,,,,,,,,,,,,,,,,,,,,,,,,,,,,,,,,,,,,,,,1539.80,,,,,,,,,,,,,,,,,,,,,,,,,,,,,,,,,,,,,,,,,,,,,,,,,,,,,,,,,,,,,,,,,,,,,,,,,,,,,,,,,,,,,,,,,,,,,,,,,,,,,,,,,,,,,,,,,,,,,,,,,,,,,,,,,,,,,,,,,,,,,,,,,,,,,,,,,,,,,,,,,,,,,,,,,,,,,,,,,,,,,,,,,,,,,,,,,,,,,,,,,,,,,,,,,,,,,,,,,,,,,,,,,,,,,,,,,,,,,,,,,,,,,,,,,,,,,,,,,,,,,,,

19.5,,,,271.00,,,,,,,,1001.53,,,,,,,,,,,,,,,,,,3.00,,253.80,439.30,,558.45,558.40,999.95,1300.00,2000.00,2300.00,,282.92,,,,,,,,,,,,,,,,,,829.64,,,,,,,,,,,,,,,,,,,,,,,,,,,,,,,,,900.00,,,,,,,,,,,,,850.00,850.00,2000.00,2000.00,,,,,,,,,,1500.00,1500.00,1620.00,2514.90,2530.00,2530.00,2780.00,2780.00,3230.00,3430.00,,,,,,,,,0.00,,,750.00,750.00,2000.00,250.00,,,,,,,,,,,,,,,,,,,,,,11.00,,,,705.60,692.90,935.59,928.00,947.00,1500.00,1650.00,,1650.00,,,,,796.50,1316.50,1217.50,1500.00,1500.00,2500.00,2300.00,2500.00,3300.00,2500.00,3000.00,2400.00,3600.00,3000.00,3300.00,3600.00,,,,,,116.00,225.00,750.00,,,,,,,2000.00,2000.00,1500.00,2000.00,1500.00,2000.00,2000.00,2500.00,2000.00,2500.00,3000.00,2000.00,2500.00,2500.00,3000.00,2200.00,2500.00,2500.00,2500.00,,,,,,,,,,,,,,,,,,273.50,1000.00,1000.00,950.00,1000.00,1250.00,1250.00,2100.00,,88.74,,,,,,600.00,,,,,,,3000.00,,,200.00,200.00,275.00,275.00,225.00,225.00,500.00,600.00,600.00,660.00,,1650.00,1750.00,1800.00,,2030.00,,3075.00,3075.00,3300.00,3450.00,3300.00,3450.00,3000.00,3300.00,3450.00,3450.00,,,,,,,,,,,,,,,,,,,,,,,,,,,,,500.00,500.00,,,,,,

19.59,,,,,,,,,,,,,1307.51,,,,,,,,,,,,,,,,,,,,,,,,,,,,,,,,,,,,,,,,,,,,,,,,,,,,,,,,,,,,,,,,,,,,,,,,,,,,,,,,,,,,,,,,,,,,,,,,,,,,,,,,,,,,,,,,,,,,,,,,,,,,,,,,,,,,,,,,,,,,,,,,,,,,,,,,,,,,,,,,,,,,,,,,,,,,,,,,,,,,,,,,,,,,,,,,,,,,,,,,,,,,,,,,,,,,,,,,,,,,,,,,,,,,,,,,,,,,,,,,,,,,,,,,,,,,,,,,,,,,,,,,,,,,,,,,,,,,,,,,,,,,,,,,,,,,,,,,,,,,,,,,,,,,,,,,,,,,,,,,,,

19.7,,,,,,,,,,,,,,,,,,,,,,,,,,,,,,,,,,,,,,,,,,,,,,,,,,,,,,,,,,,,,,,,,,,,,,,,,,,,,,,,,,,,,,,,,,,,,,,,,,,,,,,,,,,,,,,,,,,,,,,,,,,,,,,,,,,,,,,,,,,,,,,,,,,,,,,,,,,,,,,,,,,,,,,257.00,,,,,,,,,,,,,,,,,,,,,,,,,,,,,,,,,,,,,,,,,,,,,,,,,,,,,,,,,,,,,,,,,,,,,,,,,,,,,,,,,,,,,,,,,,,,,,,,,,,,,,,,,,,,,,,,,,,,,,,,,,,,,,,,,,,,,,,,,,,,,,,,,,,,,,,,,,,,,,,,,,,,,,,,

20.0,225.00,225.00,5200.00,,89.00,200.00,200.00,8000.00,,2700.00,118.00,1004.30,,11.00,20.00,30.00,50.00,60.00,100.00,60.00,100.00,200.00,16.00,57.00,59.00,,500.00,,230.00,3.00,132.00,252.90,431.40,362.70,545.60,545.50,1000.00,1300.00,2000.00,2300.00,260.00,285.34,79.00,110.00,18.50,,300.00,400.00,400.00,,23.00,30.10,60.00,110.00,110.00,157.10,,2000.00,26.00,822.61,55.00,80.00,80.00,300.00,300.00,500.00,,910.00,810.00,810.00,1000.00,1500.00,1800.00,2310.00,2350.00,2050.00,2350.00,3020.00,2350.00,3050.00,3500.00,3500.00,4500.00,2500.00,3000.00,3200.00,4200.00,7580.00,4200.00,2200.00,3500.00,3500.00,900.00,1525.00,2500.00,2535.00,2500.00,2050.00,2050.00,3000.00,2050.00,2050.00,2535.00,2530.00,3000.00,850.00,850.00,2000.00,2000.00,2000.00,2000.00,2500.00,2500.30,4257.00,4722.00,3179.00,4833.00,1700.00,1500.00,1500.00,1620.00,2515.90,2530.00,2530.00,2780.00,2780.00,3230.00,3430.00,60.00,84.00,740.00,2500.00,2500.00,2500.00,2500.00,,0.00,,20.10,750.00,750.00,2000.00,250.00,800.00,850.00,1000.00,1500.00,800.00,850.00,1000.00,1500.00,1650.00,1800.00,1000.00,1500.00,950.00,1000.00,1500.00,2000.00,2000.00,2500.00,3000.00,2000.00,2500.00,11.00,236.60,,5000.00,701.20,683.30,923.71,923.00,941.50,1500.00,1650.00,,1650.00,145.00,228.00,,,785.00,1314.00,1203.00,1500.00,1500.00,2500.00,2300.00,2500.00,3300.00,2500.00,3000.00,2400.00,3600.00,3000.00,3300.00,3600.00,149.00,190.00,405.80,46.80,84.10,118.00,225.00,750.00,900.00,,0.00,2500.00,2700.00,2700.00,2000.00,2000.00,1500.00,2000.00,1500.00,2000.00,2000.00,2500.00,2000.00,2500.00,3000.00,2000.00,2500.00,2500.00,3000.00,2200.00,2500.00,2500.00,2500.00,3000.00,3200.00,3200.00,3400.00,3400.00,2000.00,2300.00,3150.00,3200.00,3300.00,3300.00,3600.00,3600.00,255.00,,1500.00,,268.00,1000.00,1000.00,950.00,1000.00,1250.00,1250.00,2100.00,53.80,82.43,405.00,71.00,100.00,9.00,400.00,600.00,750.00,1500.00,1500.00,2500.00,2500.00,2500.00,3000.00,,1000.00,200.00,200.00,275.00,275.00,225.00,225.00,500.00,600.00,600.00,660.00,,1650.00,1750.00,1800.00,,2030.00,1800.00,3075.00,3075.00,3300.00,3450.00,3300.00,3450.00,3000.00,3300.00,3450.00,3450.00,8000.00,2050.00,2050.00,2535.00,2500.00,3000.00,3500.00,3200.00,3000.00,3000.00,4500.00,4800.00,4800.00,4500.00,5200.00,8000.00,5500.00,6000.00,9000.00,2500.00,,,182.00,196.00,500.00,750.00,,,500.00,500.00,300.00,,7.70,1019.00,1020.40,1012.97

20.08,,,,,,,,,,,,,1310.45,,,,,,,,,,,,,,,,,,,,,,,,,,,,,,,,,,,,,,,,,,,,,,,,,,,,,,,,,,,,,,,,,,,,,,,,,,,,,,,,,,,,,,,,,,,,,,,,,,,,,,,,,,,,,,,,,,,,,,,,,,,,,,,,,,,,,,,,,,,,,,,,,,,,,,,,,,,,,,,,,,,,,,,,,,,,,,,,,,,,,,,,,,,,,,,,,,,,,,,,,,,,,,,,,,,,,,,,,,,,,,,,,,,,,,,,,,,,,,,,,,,,,,,,,,,,,,,,,,,,,,,,,,,,,,,,,,,,,,,,,,,,,,,,,,,,,,,,,,,,,,,,,,,,,,,,,,,,,,,,,,

20.41,,,,,,,,,,,,,1309.09,,,,,,,,,,,,,,,,,,,,,,,,,,,,,,,,,,,,,,,,,,,,,,,,,,,,,,,,,,,,,,,,,,,,,,,,,,,,,,,,,,,,,,,,,,,,,,,,,,,,,,,,,,,,,,,,,,,,,,,,,,,,,,,,,,,,,,,,,,,,,,,,,,,,,,,,,,,,,,,,,,,,,,,,,,,,,,,,,,,,,,,,,,,,,,,,,,,,,,,,,,,,,,,,,,,,,,,,,,,,,,,,,,,,,,,,,,,,,,,,,,,,,,,,,,,,,,,,,,,,,,,,,,,,,,,,,,,,,,,,,,,,,,,,,,,,,,,,,,,,,,,,,,,,,,,,,,,,,,,,,,

20.5,,,,266.00,,,,,,,,1003.32,,,,,,,,,,,,,,,,,,0.00,,253.47,425.45,,534.70,534.65,1000.00,1300.00,2000.00,2300.00,,287.62,,,,,,,,,,,,,,,,,,,,,,,,,,,,,,,,,,,,,,,,,,,,,,,,,,,900.00,,,,,,,,,,,,,850.00,850.00,2000.00,2000.00,,,,,,,,,,1500.00,1500.00,1620.00,2516.10,2530.00,,2780.00,2780.00,3230.00,3430.00,,,,,,,,,0.00,,,750.00,0.00,2000.00,250.00,,,,,,,,,,,,,,,,,,,,,,11.00,,257.00,,702.25,652.80,921.81,919.35,927.85,1500.00,1650.00,,,,,,,770.39,1312.96,1190.48,1500.00,,2500.00,2300.00,2500.00,3300.00,2500.00,3000.00,,3600.00,,,,,,,,,120.09,224.48,750.00,,,,,,,2000.00,2000.00,1500.00,2000.00,1500.00,2000.00,2000.00,2500.00,2000.00,2500.00,3000.00,2000.00,2500.00,2500.00,3000.00,2200.00,2500.00,2500.00,2500.00,,,,,,,,,,,,,,,,,,262.78,1000.00,1000.00,950.00,1000.00,1250.00,1250.00,2100.00,,,,,,,,600.00,,,,,,,3000.00,,,200.00,200.00,275.00,275.00,225.00,225.00,500.00,600.00,,660.00,,1650.00,1750.00,1800.00,,2030.00,,3075.00,3075.00,3300.00,3450.00,3300.00,3450.00,3000.00,3300.00,3450.00,3450.00,,,,,,,,,,,,,,,,,,,,,,,,,,,,,500.00,500.00,,,,,,

20.77,,,,,,,,,,,,,1308.24,,,,,,,,,,,,,,,,,,,,,,,,,,,,,,,,,,,,,,,,,,,,,,,,,,,,,,,,,,,,,,,,,,,,,,,,,,,,,,,,,,,,,,,,,,,,,,,,,,,,,,,,,,,,,,,,,,,,,,,,,,,,,,,,,,,,,,,,,,,,,,,,,,,,,,,,,,,,,,,,,,,,,,,,,,,,,,,,,,,,,,,,,,,,,,,,,,,,,,,,,,,,,,,,,,,,,,,,,,,,,,,,,,,,,,,,,,,,,,,,,,,,,,,,,,,,,,,,,,,,,,,,,,,,,,,,,,,,,,,,,,,,,,,,,,,,,,,,,,,,,,,,,,,,,,,,,,,,,,,,,,

21.0,225.00,225.00,,,87.50,,,8000.00,,2700.00,118.00,,,11.00,20.00,,,,,,,,,,,,500.00,,223.00,,,,,348.80,,,,,,,,,,106.00,18.50,,300.00,400.00,400.00,,,30.00,60.00,110.00,110.00,154.40,,,25.80,,55.00,80.00,80.00,300.00,300.00,500.00,,910.00,810.00,810.00,1000.00,1500.00,1800.00,2310.00,2350.00,2050.00,2350.00,3020.00,2350.00,3050.00,3500.00,3500.00,4500.00,2500.00,3000.00,3200.00,4200.00,7580.00,4200.00,,,,,,2500.00,,2500.00,2050.00,2050.00,3000.00,,,,,,,,,,,,,,,,,,1700.00,,,,,,,,,,,60.00,81.00,730.00,2500.00,2500.00,2500.00,2500.00,,,,20.75,,,,250.00,800.00,850.00,1000.00,1500.00,800.00,850.00,1000.00,1500.00,1650.00,1800.00,1000.00,,950.00,1000.00,1500.00,2000.00,2000.00,2500.00,3000.00,2000.00,2500.00,11.00,231.10,,5000.00,,,940.53,,,,,,,,,,,,,,,,,,,,,,,,,,,,189.00,397.30,45.00,81.30,,,,900.00,,,2500.00,2700.00,2700.00,2000.00,2000.00,1500.00,2000.00,1500.00,2000.00,2000.00,2500.00,2000.00,2500.00,3000.00,2000.00,2500.00,2500.00,3000.00,2200.00,2500.00,2500.00,2500.00,,,,,,,,,,,,,,245.00,,1500.00,,,,,,,,,,,,405.00,72.00,,9.00,400.00,,750.00,,,,,,,,1000.00,200.00,200.00,275.00,275.00,,,,,,,,,,,,,,,,,,,,,,,,8000.00,,,,2500.00,,3500.00,3200.00,,3000.00,,,,4500.00,,8000.00,5500.00,6000.00,9000.00,2500.00,,,181.00,196.00,500.00,750.00,,,500.00,500.00,,,,1019.00,,
